order_id,old_name,product_id,category,price,base_price,status,amount,region,priority,user_id
1,Rahul Reddy,P1025,Books,1299.97,1299.97,Completed,1662.76,North,Low,U13905
2,Sai Patel,P1238,Electronics,2850.1,2850.1,Cancelled,6931.55,West,High,U46463
3,Aarav Das,P1825,Clothing,3520.88,3520.88,Completed,5916.84,South,Medium,U59797
4,Reyansh Yadav,P1867,Toys,3058.26,3058.26,Cancelled,7995.08,West,Low,U59615
5,Sai Chopra,P1300,Toys,2929.03,2929.03,Completed,7056.45,South,Medium,U40512
6,Reyansh Chauhan,P1284,Beauty,3214.85,3214.85,Pending,5560.61,East,High,U99593
7,Amit Gupta,P1623,Clothing,2717.29,2717.29,Pending,4047.73,West,Medium,U93886
8,Naveen Chopra,P1224,Toys,4229.97,4229.97,Completed,10794.88,North,Medium,U18675
9,Saanvi Tiwari,P1965,Toys,1141.87,1141.87,Cancelled,2281.98,West,High,U42325
10,Varun Chopra,P1551,Books,3760.37,3760.37,Cancelled,6982.51,West,Medium,U28131
11,Sandeep Agarwal,P1093,Electronics,4319.4,4319.4,Completed,5639.77,West,Low,U60019
12,Meena Pandey,P1541,Books,4858.28,4858.28,Completed,13222.1,North,Low,U44973
13,Siddharth Rao,P1348,Groceries,1538.15,1538.15,Completed,2024.69,East,Low,U76542
14,Reyansh Chatterjee,P1640,Books,4224.18,4224.18,Completed,8513.1,South,Medium,U80697
15,Siddharth Tiwari,P1543,Electronics,3034.83,3034.83,Completed,6000.5,East,Medium,U41571
16,Sunita Gupta,P1087,Beauty,4098.51,4098.51,Cancelled,12115.07,South,High,U82063
17,Kabir Joshi,P1540,Sports,4825.38,4825.38,Cancelled,13790.1,South,Low,U98039
18,Amit Yadav,P1448,Beauty,692.92,692.92,Pending,1004.31,North,Low,U87128
19,Aadhya Sharma,P1072,Electronics,1221.81,1221.81,Pending,3434.31,North,Low,U97684
20,Deepika Patel,P1552,Clothing,3644.43,3644.43,Cancelled,10076.0,West,High,U63354
21,Diya Reddy,P1099,Sports,1836.06,1836.06,Cancelled,3345.68,North,Low,U94696
22,Reyansh Verma,P1412,Toys,4022.9,4022.9,Completed,4902.06,South,Low,U65296
23,Ananya Joshi,P1473,Furniture,4384.98,4384.98,Cancelled,5046.1,North,High,U80855
24,Aarav Gupta,P1948,Furniture,914.92,914.92,Completed,1803.57,West,High,U10282
25,Kavya Joshi,P1948,Beauty,1497.72,1497.72,Cancelled,3584.32,West,High,U38534
26,Vihaan Malhotra,P1753,Electronics,3765.08,3765.08,Cancelled,4195.54,West,Low,U79615
27,Kabir Verma,P1983,Groceries,4271.58,4271.58,Completed,4856.97,South,Medium,U84668
28,Myra Malhotra,P1608,Electronics,3134.97,3134.97,Cancelled,5763.49,East,Medium,U51180
29,Myra Joshi,P1405,Clothing,3391.28,3391.28,Pending,5426.03,North,High,U83792
30,Reyansh Gupta,P1550,Furniture,2578.84,2578.84,Pending,3262.01,North,High,U30676
31,Suresh Banerjee,P1556,Books,3097.22,3097.22,Cancelled,9212.58,North,Low,U49240
32,Vijay Reddy,P1961,Clothing,1395.88,1395.88,Cancelled,3879.74,South,Medium,U37607
33,Pranav Singh,P1208,Books,2576.5,2576.5,Completed,3870.53,North,Low,U46265
34,Aditya Sharma,P1341,Clothing,3221.86,3221.86,Cancelled,4909.83,West,Low,U83519
35,Aarav Reddy,P1077,Clothing,2773.39,2773.39,Cancelled,7402.7,South,Medium,U50404
36,Sneha Saxena,P1955,Electronics,4504.73,4504.73,Completed,6397.41,North,Medium,U63264
37,Asha Menon,P1158,Furniture,4336.57,4336.57,Completed,12803.34,West,High,U53540
38,Karthik Bose,P1685,Furniture,1407.35,1407.35,Completed,3623.57,West,High,U39154
39,Diya Banerjee,P1940,Beauty,1813.33,1813.33,Completed,4789.14,South,High,U62227
40,Neha Joshi,P1885,Groceries,4837.76,4837.76,Cancelled,7538.44,West,Low,U80282
41,Neha Sharma,P1118,Books,974.98,974.98,Pending,2851.88,North,High,U55309
42,Akash Bose,P1321,Sports,3070.42,3070.42,Pending,6210.99,South,Medium,
43,Manish Sharma,P1532,Furniture,1884.69,1884.69,Cancelled,2148.45,East,Low,U26334
44,Akash Saxena,P1307,Books,3367.78,3367.78,Cancelled,5564.8,East,Low,U65108
45,Vijay Chauhan,P1693,Clothing,3116.02,3116.02,Cancelled,4991.55,North,Medium,U66346
46,Geeta Kapoor,P1670,Toys,2378.44,2378.44,Completed,4481.74,West,Low,U21114
47,Riya Bansal,P1679,Toys,557.6,557.6,Completed,1619.27,East,High,U29313
48,Vivaan Verma,P1250,Beauty,3095.24,3095.24,Pending,7852.56,West,Low,U60328
49,Deepika Chauhan,P1249,Clothing,3314.68,3314.68,Completed,3351.44,West,High,U77889
50,Ramesh Verma,P1570,Furniture,4595.6,4595.6,Completed,5711.03,West,Low,U83259
51,Meena Singh,P1972,Beauty,3102.0,3102.0,Cancelled,7564.38,West,Low,U30861
52,Varun Chatterjee,P1486,Beauty,1370.04,1370.04,Cancelled,2047.5,East,Low,U41358
53,Navya Pandey,P1079,Books,1249.02,1249.02,Cancelled,2087.98,North,High,U60205
54,Naveen Iyer,P1723,Furniture,414.72,414.72,Cancelled,752.8,West,Medium,U65069
55,Kavya Saxena,P1788,Electronics,4297.99,4297.99,Pending,10879.03,West,High,U49139
56,Nikhil Chauhan,P1873,Sports,2737.28,2737.28,Cancelled,6759.08,South,Medium,U67125
57,Deepika Sharma,P1398,Toys,3377.48,3377.48,Cancelled,8768.9,South,Medium,U91560
58,Rajesh Sharma,P1928,Sports,3000.27,3000.27,Completed,6978.63,West,High,U33819
59,Vihaan Joshi,P1388,Toys,1137.14,1137.14,Pending,1880.48,East,Medium,U20735
60,Lakshmi Sharma,P1767,Electronics,4999.55,4999.55,Cancelled,8498.84,North,Low,
61,Vivaan Mehta,P1204,Electronics,3144.54,3144.54,Pending,4644.77,North,Low,U70952
62,Naveen Joshi,P1785,Toys,922.17,922.17,Cancelled,2042.14,North,High,U24168
63,Geeta Sharma,P1951,Books,2921.4,2921.4,Pending,8226.82,West,Low,U87607
64,Naveen Banerjee,P1642,Furniture,599.32,599.32,Cancelled,1525.25,North,Low,U55508
65,Rajesh Mishra,P1677,Toys,437.89,437.89,Completed,1005.0,West,Medium,U57472
66,Rahul Saxena,P1848,Beauty,3565.81,3565.81,Cancelled,6671.54,East,Low,U80539
67,Siddharth Agarwal,P1476,Sports,4146.1,4146.1,Pending,9059.02,South,High,U69087
68,Myra Das,P1475,Sports,1748.34,1748.34,Pending,3476.77,South,Medium,U43862
69,Neha Joshi,P1901,Books,2823.38,2823.38,Completed,5740.65,North,High,U74038
70,Anil Das,P1246,Beauty,3264.92,3264.92,Completed,6469.9,North,Medium,U41890
71,Ishita Naidu,P1595,Toys,2418.98,2418.98,Pending,4987.56,East,Medium,U45509
72,Ishita Joshi,P1236,Groceries,3634.29,3634.29,Cancelled,5927.88,South,High,U73464
73,Navya Menon,P1603,Books,4904.5,4904.5,Pending,13071.75,South,Medium,U11854
74,Pranav Chopra,P1129,Books,323.03,323.03,Pending,358.26,South,Low,U74340
75,Reyansh Chatterjee,P1012,Books,2400.05,2400.05,Completed,4514.34,North,Medium,U72616
76,Krishna Banerjee,P1066,Sports,2509.56,2509.56,Cancelled,5405.7,North,High,U83772
77,Ishita Gupta,P1254,Groceries,2834.56,2834.56,Cancelled,5193.9,South,Low,U68028
78,Ishita Chatterjee,P1602,Sports,1596.36,1596.36,Cancelled,3579.13,North,High,U44687
79,Vijay Gupta,P1160,Furniture,951.69,951.69,Completed,1094.57,West,Medium,U71592
80,Riya Verma,P1237,Books,3564.08,3564.08,Pending,8575.09,North,Low,U44675
81,Rahul Malhotra,P1677,Furniture,2183.18,2183.18,Cancelled,4560.94,South,Medium,U19359
82,Vihaan Nair,P1811,Books,3015.72,3015.72,Pending,7987.08,West,High,U49857
83,Naveen Chauhan,P1965,Books,2552.31,2552.31,Completed,5072.95,North,Medium,U89129
84,Anika Sharma,P1093,Furniture,4813.36,4813.36,Cancelled,12860.9,North,Low,U85529
85,Aditya Das,P1774,Clothing,2405.45,2405.45,Pending,5539.8,South,Low,U74451
86,Sai Agarwal,P1356,Sports,1733.21,1733.21,Completed,4056.17,East,Medium,U47777
87,Vijay Chauhan,P1833,Electronics,2328.65,2328.65,Pending,3793.45,North,Medium,U10150
88,Vijay Chatterjee,P1555,Beauty,2124.91,2124.91,Pending,2922.1,West,Low,U16764
89,Saanvi Joshi,P1562,Clothing,4645.6,4645.6,Cancelled,8716.22,West,High,
90,Rahul Kapoor,P1818,Furniture,3577.94,3577.94,Completed,5801.63,West,High,U24871
91,Ramesh Reddy,P1663,Clothing,2542.04,2542.04,Cancelled,6185.31,East,Medium,U71894
92,Myra Pandey,P1564,Clothing,1979.57,1979.57,Cancelled,5629.38,South,High,U64387
93,Neha Tiwari,P1806,Books,4120.69,4120.69,Pending,6451.67,West,High,U73483
94,Pooja Singh,P1565,Sports,2331.19,2331.19,Completed,3831.44,South,Low,U63841
95,Aditya Singh,P1762,Beauty,3555.62,3555.62,Pending,9325.74,South,Medium,U26547
96,Sandeep Malhotra,P1339,Groceries,4383.53,4383.53,Cancelled,8243.72,West,High,U63736
97,Amit Iyer,P1076,Beauty,3929.47,3929.47,Cancelled,6012.27,West,Low,U53065
98,Sanjay Chatterjee,P1546,Sports,4775.28,4775.28,Pending,10761.56,North,Low,U92727
99,Sanjay Tiwari,P1294,Furniture,3759.16,3759.16,Completed,7021.9,North,Medium,U49251
100,Vivaan Verma,P1332,Electronics,1537.5,1537.5,Completed,2690.14,South,Low,U99364
101,Ananya Nair,P1179,Groceries,3086.51,3086.51,Cancelled,5447.96,South,Medium,U28758
102,Aadhya Pandey,P1653,Books,2351.9,2351.9,Pending,5488.59,East,Low,U19681
103,Suresh Yadav,P1601,Books,3230.8,3230.8,Pending,5972.51,West,Medium,U60422
104,Lakshmi Reddy,P1242,Sports,2902.42,2902.42,Cancelled,6239.11,East,High,U96275
105,Aryan Joshi,P1008,Electronics,4562.02,4562.02,Pending,11361.0,South,Low,U38705
106,Rahul Patel,P1635,Books,3421.05,3421.05,Cancelled,8353.71,South,Low,U92242
107,Amit Verma,P1316,Beauty,263.49,263.49,Completed,455.76,North,Medium,U64460
108,Ananya Patel,P1135,Toys,2701.18,2701.18,Completed,7636.17,East,Medium,U48684
109,Varun Chatterjee,P1346,Groceries,2394.82,2394.82,Completed,2755.48,West,Low,U61717
110,Aarav Joshi,P1549,Groceries,2328.45,2328.45,Cancelled,5461.74,East,Low,U93695
111,Sneha Reddy,P1691,Furniture,2410.24,2410.24,Cancelled,5396.75,East,Low,U18285
112,Rahul Banerjee,P1475,Books,3281.27,3281.27,Completed,4046.96,North,Medium,U25220
113,Reyansh Mehta,P1908,Clothing,2004.36,2004.36,Cancelled,3491.64,West,Low,U30253
114,Karthik Rao,P1101,Beauty,3116.7,3116.7,Pending,8970.19,North,Low,U68115
115,Suresh Mehta,P1875,Toys,586.84,586.84,Cancelled,1391.61,East,High,U34878
116,Krishna Chatterjee,P1843,Beauty,549.2,549.2,Cancelled,782.18,North,High,U41925
117,Ishaan Bose,P1578,Furniture,436.19,436.19,Completed,1103.7,South,High,U29340
118,Meena Sharma,P1283,Clothing,4938.88,4938.88,Completed,10275.0,North,Low,U27275
119,Aarav Yadav,P1808,Furniture,2985.38,2985.38,Pending,3079.61,North,High,U78955
120,Krishna Menon,P1065,Beauty,2296.55,2296.55,Cancelled,3959.43,North,Medium,U90623
121,Aditya Menon,P1802,Books,2344.41,2344.41,Completed,6864.56,West,Medium,U24150
122,Deepika Pillai,P1931,Beauty,460.1,460.1,Cancelled,534.44,South,High,U91830
123,Rahul Malhotra,P1561,Toys,1966.43,1966.43,Pending,4315.89,West,Low,U22999
124,Naveen Reddy,P1873,Furniture,2207.34,2207.34,Pending,6127.98,East,Medium,U22463
125,Priya Mishra,P1320,Books,1934.08,1934.08,Pending,2524.51,North,High,U22219
126,Manish Reddy,P1762,Toys,4077.67,4077.67,Cancelled,8615.06,East,Low,U56346
127,Vijay Das,P1433,Electronics,4845.15,4845.15,Pending,10663.3,North,Low,U30280
128,Vijay Agarwal,P1229,Groceries,1815.56,1815.56,Completed,3835.43,East,Low,U66244
129,Anil Das,P1838,Electronics,3084.08,3084.08,Cancelled,7141.69,East,High,U50499
130,Neha Yadav,P1006,Clothing,4362.33,4362.33,Pending,9303.29,North,High,U14018
131,Sai Menon,P1543,Furniture,1943.35,1943.35,Completed,3706.54,East,Medium,U84395
132,Meena Gupta,P1904,Electronics,862.34,862.34,Completed,2163.5,North,Medium,U65576
133,Deepika Kapoor,P1452,Sports,1438.52,1438.52,Completed,3610.52,East,Medium,U98895
134,Sanjay Malhotra,P1498,Books,322.55,322.55,Cancelled,577.53,North,High,U37686
135,Siddharth Iyer,P1782,Books,1518.29,1518.29,Pending,1882.63,West,High,U79806
136,Pranav Mehta,P1512,Toys,453.17,453.17,Completed,1234.22,West,High,U20205
137,Priya Malhotra,P1439,Sports,3576.54,3576.54,Completed,6564.34,West,High,U32527
138,Asha Pandey,P1851,Toys,531.84,531.84,Completed,1430.1,West,Low,U20308
139,Aryan Chatterjee,P1317,Toys,1185.7,1185.7,Completed,3033.3,North,Low,U55793
140,Pooja Menon,P1981,Clothing,1257.72,1257.72,Completed,1626.09,South,Low,U95918
141,Arjun Nair,P1974,Beauty,2373.37,2373.37,Cancelled,5049.28,West,Low,U83989
142,Amit Rao,P1639,Toys,4334.81,4334.81,Completed,9772.55,West,High,U92756
143,Ishita Bose,P1281,Electronics,1824.52,1824.52,Pending,2095.24,West,High,U47627
144,Arjun Rao,P1884,Groceries,3113.54,3113.54,Pending,6271.09,North,Medium,U84928
145,Amit Patel,P1329,Beauty,2556.7,2556.7,Pending,7453.92,North,Medium,U21053
146,Sandeep Rao,P1176,Electronics,1313.94,1313.94,Pending,2464.32,South,Medium,U47079
147,Kavya Mishra,P1793,Toys,3426.6,3426.6,Cancelled,3785.47,East,High,U83133
148,Sanjay Chauhan,P1290,Books,3646.29,3646.29,Cancelled,8434.34,South,Medium,U96980
149,Rohan Tiwari,P1358,Books,4841.71,4841.71,Pending,11605.38,South,Low,U21104
150,Ishita Chopra,P1385,Toys,4084.61,4084.61,Cancelled,9558.94,North,Low,U76648
151,Sneha Sharma,P1371,Books,983.29,983.29,Pending,1404.52,South,High,U30308
152,Arjun Kulkarni,P1864,Groceries,2587.68,2587.68,Cancelled,5381.19,North,Low,U91006
153,Ishaan Kapoor,P1385,Clothing,895.01,895.01,Cancelled,2383.13,South,Low,U63852
154,Sneha Naidu,P1736,Furniture,4850.98,4850.98,Cancelled,10774.95,West,High,U50562
155,Lakshmi Saxena,P1855,Furniture,1902.42,1902.42,Pending,5506.1,West,Medium,U75916
156,Vikram Mishra,P1989,Clothing,4102.77,4102.77,Completed,10677.53,East,High,U58655
157,Anil Tiwari,P1105,Groceries,1496.81,1496.81,Pending,3781.29,West,Low,U67340
158,Sai Tiwari,P1227,Beauty,4434.69,4434.69,Pending,12687.4,North,Medium,U40903
159,Kavya Gupta,P1383,Furniture,238.12,238.12,Cancelled,681.42,East,High,U47601
160,Lakshmi Pillai,P1851,Clothing,3818.32,3818.32,Cancelled,7400.75,North,High,
161,Saanvi Banerjee,P1153,Sports,644.82,644.82,Pending,1016.37,North,High,U93748
162,Asha Pandey,P1064,Groceries,4199.77,4199.77,Cancelled,8398.11,North,Low,U41711
163,Pranav Iyer,P1298,Sports,107.67,107.67,Cancelled,183.65,West,High,U21221
164,Vikram Yadav,P1069,Electronics,2013.22,2013.22,Cancelled,3906.19,West,Medium,U12128
165,Pooja Bose,P1069,Toys,1281.52,1281.52,Completed,2965.7,East,High,
166,Rajesh Singh,P1833,Clothing,4168.88,4168.88,Cancelled,9877.6,West,Low,U27675
167,Arjun Pillai,P1794,Beauty,281.22,281.22,Completed,394.6,North,Medium,U77552
168,Aryan Banerjee,P1556,Beauty,1341.24,1341.24,Completed,3361.93,East,Medium,U16265
169,Amit Singh,P1279,Groceries,4016.78,4016.78,Pending,7527.06,West,Medium,U34486
170,Deepika Pillai,P1509,Toys,4629.12,4629.12,Completed,9436.7,West,High,U33652
171,Rajesh Kulkarni,P1328,Groceries,492.34,492.34,Pending,1143.13,West,Low,U31842
172,Naveen Pandey,P1359,Beauty,307.54,307.54,Pending,842.68,West,Medium,U17518
173,Arjun Naidu,P1652,Sports,1880.22,1880.22,Cancelled,4892.69,South,High,U89635
174,Sanjay Bose,P1448,Electronics,718.53,718.53,Cancelled,1057.67,East,Medium,U84349
175,Aditya Kapoor,P1157,Beauty,4749.24,4749.24,Completed,8282.8,South,Low,U51207
176,Amit Joshi,P1255,Groceries,226.98,226.98,Cancelled,311.44,West,Low,U44116
177,Pranav Pandey,P1219,Books,3500.51,3500.51,Completed,10491.93,North,High,U69250
178,Ananya Saxena,P1730,Beauty,4986.59,4986.59,Pending,13069.98,East,Low,U81063
179,Riya Saxena,P1307,Clothing,3587.86,3587.86,Cancelled,10242.08,South,Medium,U25907
180,Diya Bose,P1142,Furniture,3972.83,3972.83,Cancelled,4181.67,East,Medium,U82305
181,Ishaan Kapoor,P1905,Groceries,422.17,422.17,Cancelled,758.35,West,Low,U63665
182,Sunita Gupta,P1128,Toys,3247.46,3247.46,Cancelled,6170.01,East,High,U82260
183,Rahul Malhotra,P1186,Clothing,2219.83,2219.83,Completed,6263.08,North,Low,U31581
184,Kabir Singh,P1957,Furniture,1795.51,1795.51,Pending,5174.32,North,Medium,U82199
185,Navya Iyer,P1640,Books,3110.7,3110.7,Cancelled,3691.96,South,Low,U30210
186,Kabir Naidu,P1639,Toys,4228.4,4228.4,Completed,8994.8,North,High,U85598
187,Anika Rao,P1215,Sports,3128.73,3128.73,Cancelled,3318.24,East,Low,U73300
188,Myra Bose,P1826,Sports,1557.43,1557.43,Completed,1784.73,South,Medium,U70875
189,Saanvi Singh,P1621,Clothing,1631.65,1631.65,Cancelled,3975.88,East,Medium,U58567
190,Sandeep Chopra,P1108,Toys,1284.52,1284.52,Pending,1599.28,South,High,U48038
191,Kavya Chatterjee,P1630,Sports,1316.52,1316.52,Completed,3594.91,East,Low,U34881
192,Nikhil Nair,P1510,Beauty,2543.92,2543.92,Completed,4113.72,North,Medium,U41552
193,Saanvi Malhotra,P1361,Electronics,347.65,347.65,Cancelled,691.75,West,Medium,U24089
194,Manish Iyer,P1903,Books,3664.79,3664.79,Pending,9263.54,North,Medium,U83638
195,Diya Yadav,P1566,Books,460.31,460.31,Cancelled,924.54,East,Low,U25572
196,Ishaan Reddy,P1403,Toys,3995.0,3995.0,Pending,6704.29,South,High,U62610
197,Sandeep Verma,P1046,Electronics,771.48,771.48,Pending,1285.35,West,High,U77568
198,Ishaan Singh,P1953,Toys,896.26,896.26,Cancelled,2671.96,East,Low,U76809
199,Rajesh Agarwal,P1725,Books,2426.97,2426.97,Pending,2507.72,North,Medium,U92478
200,Vivaan Kapoor,P1485,Books,4838.65,4838.65,Cancelled,12415.05,South,Low,U72973
201,Kabir Bansal,P1644,Sports,824.1,824.1,Completed,1946.07,North,High,
202,Priya Mishra,P1155,Sports,3483.45,3483.45,Cancelled,6342.51,West,Low,U28098
203,Vikram Patel,P1574,Toys,4990.8,4990.8,Pending,9765.71,East,High,U79878
204,Neha Chopra,P1362,Books,3089.38,3089.38,Completed,4277.33,East,Low,U49008
205,Siddharth Kulkarni,P1721,Furniture,3482.18,3482.18,Pending,6887.77,East,Low,U45842
206,Riya Reddy,P1587,Sports,4489.23,4489.23,Pending,8031.52,South,Medium,
207,Pranav Gupta,P1354,Beauty,3314.26,3314.26,Completed,8268.01,South,Low,U83664
208,Naveen Joshi,P1140,Groceries,3116.82,3116.82,Completed,6774.91,North,Low,U39579
209,Rahul Mehta,P1053,Groceries,2125.18,2125.18,Completed,5174.21,South,High,U30701
210,Karthik Rao,P1957,Beauty,2439.5,2439.5,Pending,3412.65,East,Medium,U21725
211,Amit Malhotra,P1237,Electronics,4574.83,4574.83,Completed,6176.61,North,Medium,U34420
212,Varun Chatterjee,P1948,Books,4396.04,4396.04,Cancelled,4477.52,North,Medium,U94058
213,Rajesh Bansal,P1505,Clothing,4270.19,4270.19,Completed,8267.27,North,Medium,U70150
214,Amit Joshi,P1735,Clothing,169.01,169.01,Pending,282.96,South,High,U93719
215,Aryan Banerjee,P1437,Toys,525.02,525.02,Completed,1227.77,South,Medium,U42512
216,Aarav Joshi,P1392,Furniture,2289.0,2289.0,Pending,3511.3,East,Low,U11498
217,Anika Rao,P1368,Furniture,404.41,404.41,Pending,500.03,South,Medium,U50760
218,Naveen Reddy,P1654,Books,1900.97,1900.97,Completed,2740.63,West,High,U89395
219,Sneha Mishra,P1718,Beauty,3811.02,3811.02,Completed,9923.86,South,Low,U20730
220,Vikram Pandey,P1540,Toys,482.7,482.7,Completed,1027.35,South,Low,U31566
221,Priya Chatterjee,P1532,Beauty,669.58,669.58,Cancelled,944.65,West,High,U68390
222,Vihaan Pandey,P1135,Sports,2338.31,2338.31,Pending,2608.32,East,Low,
223,Anika Banerjee,P1003,Furniture,2933.73,2933.73,Pending,3199.47,North,Low,U19046
224,Lakshmi Verma,P1293,Sports,981.91,981.91,Cancelled,1247.87,West,Medium,U60132
225,Suresh Chatterjee,P1939,Sports,1940.66,1940.66,Cancelled,4590.55,South,Low,U25549
226,Ananya Chopra,P1402,Clothing,3666.5,3666.5,Completed,5299.49,North,Medium,U81361
227,Manish Chopra,P1388,Furniture,1312.81,1312.81,Pending,2221.69,South,Low,U14222
228,Vijay Mishra,P1629,Electronics,1279.26,1279.26,Cancelled,1451.43,North,Medium,U16380
229,Myra Menon,P1045,Sports,2250.92,2250.92,Completed,4680.83,South,Low,U40692
230,Akash Malhotra,P1326,Toys,1260.83,1260.83,Cancelled,3470.46,South,Medium,U17989
231,Anil Malhotra,P1900,Clothing,3167.37,3167.37,Pending,5873.57,North,Medium,U97994
232,Kavya Bose,P1537,Toys,3511.91,3511.91,Pending,6379.45,West,High,U72065
233,Myra Chatterjee,P1230,Books,4301.95,4301.95,Pending,5543.94,North,Low,U64592
234,Anil Bansal,P1137,Sports,1290.01,1290.01,Cancelled,1814.62,North,Medium,U22119
235,Rajesh Menon,P1849,Furniture,352.53,352.53,Cancelled,618.46,North,High,U87015
236,Akash Naidu,P1572,Furniture,2449.03,2449.03,Pending,6707.77,East,High,U34906
237,Varun Reddy,P1764,Beauty,4580.76,4580.76,Cancelled,10953.75,South,Medium,U82362
238,Priya Das,P1289,Sports,2384.63,2384.63,Pending,5478.55,East,Medium,U75179
239,Ramesh Reddy,P1822,Beauty,3831.98,3831.98,Completed,6286.24,East,Medium,U83731
240,Aadhya Menon,P1149,Electronics,1377.79,1377.79,Cancelled,3953.59,West,Medium,U53236
241,Aadhya Chauhan,P1583,Furniture,2546.58,2546.58,Cancelled,5880.6,East,Medium,U74044
242,Akash Rao,P1757,Beauty,2358.06,2358.06,Pending,5813.9,South,High,U74004
243,Ananya Tiwari,P1910,Electronics,2667.33,2667.33,Completed,7143.48,North,High,U92667
244,Aadhya Gupta,P1724,Clothing,144.79,144.79,Pending,291.24,North,Low,U90808
245,Lakshmi Naidu,P1499,Electronics,132.4,132.4,Completed,278.48,North,Low,U80220
246,Riya Sharma,P1514,Sports,4050.22,4050.22,Completed,11419.78,North,Low,U35156
247,Asha Bansal,P1258,Toys,1409.89,1409.89,Pending,2529.05,West,Medium,U39603
248,Ishita Naidu,P1847,Groceries,3303.31,3303.31,Completed,8973.24,North,Medium,U82443
249,Lakshmi Verma,P1652,Electronics,3543.94,3543.94,Pending,4130.01,East,Low,U22499
250,Vikram Tiwari,P1043,Furniture,1135.94,1135.94,Cancelled,3108.2,West,Medium,
251,Arjun Naidu,P1947,Books,4506.63,4506.63,Completed,9585.69,South,Medium,
252,Saanvi Malhotra,P1147,Sports,4651.49,4651.49,Cancelled,7435.66,South,Low,U61007
253,Sanjay Saxena,P1553,Toys,1980.85,1980.85,Cancelled,4911.5,North,Low,U55332
254,Vihaan Reddy,P1447,Furniture,4209.51,4209.51,Cancelled,7076.97,West,Medium,
255,Navya Bose,P1461,Beauty,1217.88,1217.88,Pending,2564.95,West,High,U96595
256,Kavya Gupta,P1790,Books,4010.47,4010.47,Completed,9730.27,East,High,U93086
257,Rohan Menon,P1398,Toys,1867.43,1867.43,Pending,2209.25,West,Medium,U23399
258,Ishaan Gupta,P1191,Sports,2299.33,2299.33,Pending,4850.39,North,High,U82642
259,Sai Kapoor,P1612,Toys,4332.22,4332.22,Pending,4439.14,West,High,U83339
260,Myra Malhotra,P1533,Clothing,3458.05,3458.05,Pending,4630.34,East,Medium,U18292
261,Kabir Mishra,P1282,Sports,1568.79,1568.79,Pending,4024.47,East,High,U74985
262,Meena Kapoor,P1200,Beauty,624.16,624.16,Pending,1004.47,East,Low,U53193
263,Suresh Singh,P1440,Clothing,1572.13,1572.13,Cancelled,3468.78,South,Medium,U62198
264,Priya Kulkarni,P1752,Beauty,4842.04,4842.04,Pending,12414.74,West,Medium,U61502
265,Sneha Reddy,P1954,Furniture,3001.91,3001.91,Cancelled,6277.77,North,Low,U37479
266,Suresh Bose,P1298,Groceries,4112.93,4112.93,Pending,10657.89,West,High,U41722
267,Anika Naidu,P1157,Sports,3966.48,3966.48,Cancelled,4553.24,West,Low,U76402
268,Naveen Mishra,P1556,Electronics,3974.53,3974.53,Cancelled,6832.45,North,High,U96193
269,Vijay Yadav,P1170,Electronics,2859.78,2859.78,Cancelled,6549.07,West,Medium,U66420
270,Reyansh Sharma,P1100,Books,1187.81,1187.81,Cancelled,2962.05,South,Medium,U70694
271,Siddharth Naidu,P1602,Clothing,1790.34,1790.34,Completed,1878.29,East,Medium,U21253
272,Krishna Banerjee,P1963,Clothing,1806.81,1806.81,Completed,3046.52,West,Medium,U67431
273,Akash Pillai,P1463,Toys,429.15,429.15,Cancelled,467.5,North,High,U94930
274,Reyansh Naidu,P1819,Clothing,4656.62,4656.62,Cancelled,11552.98,South,Low,U83380
275,Manish Pandey,P1237,Sports,3185.83,3185.83,Cancelled,4373.42,West,Medium,
276,Asha Saxena,P1202,Beauty,3001.8,3001.8,Cancelled,5336.21,South,High,U18200
277,Sunita Reddy,P1818,Clothing,1892.39,1892.39,Completed,2638.27,East,Low,U79168
278,Rahul Singh,P1611,Sports,3095.41,3095.41,Pending,6729.45,East,Medium,U98288
279,Pranav Bose,P1304,Groceries,3393.34,3393.34,Completed,5518.83,East,High,U28528
280,Sandeep Chauhan,P1428,Clothing,2916.55,2916.55,Pending,5384.18,South,Low,U47858
281,Ishaan Nair,P1322,Beauty,3135.11,3135.11,Completed,8562.12,West,High,U60324
282,Anil Bansal,P1668,Beauty,2104.76,2104.76,Cancelled,4174.69,West,Medium,U84107
283,Vivaan Bose,P1779,Furniture,1531.24,1531.24,Cancelled,2372.97,East,High,U84140
284,Varun Das,P1784,Beauty,2793.66,2793.66,Completed,3426.21,East,Low,U58085
285,Rajesh Banerjee,P1774,Electronics,3824.02,3824.02,Completed,7199.61,West,High,U95678
286,Nikhil Mehta,P1304,Electronics,2303.69,2303.69,Completed,3909.72,West,High,U41056
287,Saanvi Bose,P1755,Toys,4319.14,4319.14,Pending,9590.75,South,Low,U37082
288,Saanvi Bose,P1060,Toys,2708.18,2708.18,Completed,5940.98,East,Low,U85069
289,Navya Chatterjee,P1526,Groceries,764.39,764.39,Pending,1911.12,North,Medium,U26631
290,Naveen Chatterjee,P1135,Furniture,816.59,816.59,Completed,1342.63,West,Medium,U92890
291,Navya Rao,P1424,Sports,2314.76,2314.76,Completed,5248.15,West,Low,U58374
292,Ramesh Agarwal,P1335,Electronics,4357.65,4357.65,Completed,11740.97,West,Low,U56952
293,Arjun Bose,P1547,Sports,1167.37,1167.37,Completed,2170.47,West,Medium,U47171
294,Neha Chopra,P1591,Clothing,2874.1,2874.1,Pending,5663.92,North,High,U70238
295,Vivaan Reddy,P1951,Clothing,2262.3,2262.3,Pending,2265.36,South,Low,U95196
296,Ishita Nair,P1895,Books,557.37,557.37,Completed,959.16,East,Low,U31695
297,Vihaan Chauhan,P1640,Books,3657.34,3657.34,Pending,9181.62,North,Low,U37973
298,Lakshmi Gupta,P1135,Furniture,2645.28,2645.28,Completed,4999.93,East,High,U65353
299,Naveen Iyer,P1489,Groceries,1221.84,1221.84,Completed,1440.14,North,Medium,U49223
300,Ishaan Chauhan,P1792,Clothing,3243.72,3243.72,Completed,7636.61,North,Low,U67684
301,Pooja Menon,P1218,Clothing,4607.48,4607.48,Pending,10284.6,South,High,U28351
302,Nikhil Reddy,P1603,Sports,1822.52,1822.52,Completed,3387.66,South,Medium,U42527
303,Anil Kapoor,P1614,Books,3916.95,3916.95,Cancelled,9326.07,East,High,U76784
304,Diya Menon,P1401,Books,3266.23,3266.23,Completed,8386.38,West,Medium,U75481
305,Rahul Kapoor,P1072,Electronics,4935.72,4935.72,Completed,14154.9,West,Low,U81612
306,Sanjay Nair,P1781,Beauty,4776.82,4776.82,Completed,12136.63,North,High,U15220
307,Vihaan Bose,P1407,Books,3180.0,3180.0,Pending,6366.67,West,Low,U93956
308,Rajesh Chopra,P1630,Clothing,1459.59,1459.59,Cancelled,2364.26,South,High,U61213
309,Geeta Rao,P1781,Groceries,1619.83,1619.83,Completed,3037.14,North,High,U66948
310,Krishna Pandey,P1626,Electronics,1615.52,1615.52,Cancelled,4011.96,South,High,
311,Ishaan Pillai,P1011,Clothing,2532.42,2532.42,Cancelled,4288.43,East,High,U45227
312,Akash Saxena,P1120,Electronics,1741.55,1741.55,Cancelled,3236.93,North,Medium,U85582
313,Rahul Gupta,P1508,Beauty,2602.83,2602.83,Cancelled,2891.43,South,Medium,U23487
314,Sunita Naidu,P1740,Groceries,1219.18,1219.18,Completed,2459.88,North,High,
315,Sneha Chauhan,P1942,Clothing,976.91,976.91,Completed,2853.25,West,High,U64559
316,Akash Singh,P1277,Groceries,2900.53,2900.53,Cancelled,3593.18,North,High,U77603
317,Aditya Chauhan,P1070,Beauty,4343.56,4343.56,Pending,11063.29,East,High,U11044
318,Sneha Patel,P1298,Books,3723.92,3723.92,Pending,5530.65,West,High,U81638
319,Nikhil Bose,P1251,Clothing,131.25,131.25,Completed,238.88,East,Low,U11257
320,Neha Sharma,P1777,Sports,4260.13,4260.13,Completed,10456.19,South,Low,U65026
321,Deepika Verma,P1995,Clothing,3587.1,3587.1,Completed,4254.49,West,Low,U70091
322,Varun Gupta,P1594,Groceries,2576.6,2576.6,Pending,5860.3,North,Low,U67014
323,Vijay Iyer,P1242,Books,1378.86,1378.86,Pending,2247.57,East,Medium,U40619
324,Arjun Patel,P1139,Groceries,861.51,861.51,Pending,1144.73,East,Medium,U56961
325,Siddharth Patel,P1462,Books,2370.4,2370.4,Completed,6411.85,South,Low,U89076
326,Aditya Patel,P1855,Toys,826.79,826.79,Pending,2002.75,West,Low,
327,Ishita Joshi,P1839,Clothing,252.3,252.3,Pending,456.36,South,High,U28322
328,Krishna Sharma,P1063,Furniture,740.5,740.5,Pending,1960.36,North,Low,U19828
329,Vivaan Gupta,P1202,Beauty,4065.56,4065.56,Pending,4813.45,North,High,U16637
330,Kabir Tiwari,P1587,Sports,4126.26,4126.26,Completed,7385.99,West,Low,U56392
331,Saanvi Tiwari,P1191,Books,1471.29,1471.29,Completed,4070.84,South,Low,U64000
332,Anil Agarwal,P1062,Groceries,1470.9,1470.9,Completed,1874.62,South,Low,U81258
333,Vivaan Chauhan,P1800,Toys,2450.45,2450.45,Pending,6280.19,East,Medium,U13416
334,Priya Kapoor,P1224,Electronics,4489.25,4489.25,Completed,11479.36,West,Low,U86544
335,Aadhya Nair,P1102,Furniture,3318.64,3318.64,Cancelled,5087.65,North,High,U60911
336,Pooja Tiwari,P1859,Clothing,962.89,962.89,Cancelled,2103.95,East,Low,
337,Naveen Yadav,P1970,Clothing,2859.23,2859.23,Pending,3935.64,East,High,U21830
338,Vihaan Mehta,P1616,Furniture,197.65,197.65,Pending,386.6,South,High,U33260
339,Priya Verma,P1022,Clothing,2974.38,2974.38,Completed,8430.73,East,High,U96787
340,Aryan Malhotra,P1103,Toys,1578.65,1578.65,Completed,2009.47,West,Low,U95089
341,Priya Nair,P1724,Toys,1193.86,1193.86,Completed,2600.11,West,Medium,U48602
342,Ishaan Nair,P1746,Electronics,4749.06,4749.06,Pending,13759.91,North,High,U90134
343,Aadhya Rao,P1579,Groceries,4689.77,4689.77,Cancelled,6008.94,North,High,U51879
344,Kabir Rao,P1906,Groceries,4126.14,4126.14,Cancelled,9655.37,East,Medium,
345,Saanvi Mehta,P1709,Groceries,1817.36,1817.36,Cancelled,4677.96,North,High,U65004
346,Kabir Saxena,P1423,Beauty,4420.68,4420.68,Pending,7526.04,North,Medium,U85766
347,Amit Das,P1703,Furniture,897.02,897.02,Completed,1029.26,East,High,U23726
348,Arjun Singh,P1174,Sports,888.43,888.43,Completed,1021.7,East,Low,U73273
349,Pranav Sharma,P1441,Clothing,3075.86,3075.86,Completed,5746.94,North,Medium,U34901
350,Karthik Pillai,P1567,Books,3336.93,3336.93,Completed,5321.74,North,Medium,U74349
351,Rohan Verma,P1369,Electronics,2195.27,2195.27,Cancelled,3488.5,West,High,U37125
352,Kabir Rao,P1298,Groceries,2420.5,2420.5,Pending,2979.68,West,Medium,U44734
353,Sai Rao,P1557,Sports,1005.92,1005.92,Pending,2787.39,South,Medium,
354,Suresh Pandey,P1269,Furniture,4201.69,4201.69,Completed,8943.27,North,High,U80968
355,Karthik Das,P1603,Furniture,2812.65,2812.65,Cancelled,7542.39,West,Low,U72236
356,Sunita Saxena,P1241,Beauty,1564.38,1564.38,Cancelled,2799.63,North,Low,U77740
357,Sunita Naidu,P1635,Clothing,689.38,689.38,Completed,1733.36,South,High,U26539
358,Aditya Mishra,P1080,Sports,1089.4,1089.4,Completed,2881.6,East,Medium,U18783
359,Sai Chauhan,P1569,Sports,2805.07,2805.07,Cancelled,7610.85,West,High,U91665
360,Geeta Bansal,P1800,Sports,651.34,651.34,Cancelled,846.28,North,High,U23237
361,Riya Chatterjee,P1548,Toys,4401.68,4401.68,Cancelled,6726.97,West,Low,U14910
362,Ananya Joshi,P1412,Clothing,3129.4,3129.4,Pending,7390.47,North,Medium,U53449
363,Naveen Mehta,P1050,Beauty,4612.09,4612.09,Completed,12886.47,East,Medium,U74437
364,Naveen Naidu,P1100,Furniture,758.49,758.49,Pending,2236.36,East,Medium,U89295
365,Amit Gupta,P1192,Beauty,1135.81,1135.81,Cancelled,3007.56,West,Low,U17367
366,Sandeep Bose,P1162,Groceries,1624.5,1624.5,Completed,3271.08,North,High,U36309
367,Vihaan Mehta,P1033,Beauty,347.74,347.74,Completed,598.37,East,Medium,U76207
368,Aryan Rao,P1945,Groceries,3437.75,3437.75,Pending,5101.2,West,High,U72204
369,Geeta Chopra,P1358,Toys,901.22,901.22,Cancelled,2513.49,North,Medium,
370,Vihaan Nair,P1874,Furniture,4299.84,4299.84,Cancelled,9867.1,South,Medium,U77276
371,Vivaan Chatterjee,P1799,Electronics,2423.08,2423.08,Completed,3064.3,North,High,U50037
372,Pranav Pillai,P1658,Books,2176.65,2176.65,Pending,3815.56,West,Medium,U49602
373,Sanjay Bansal,P1844,Sports,2963.99,2963.99,Cancelled,3007.55,East,Low,U89829
374,Riya Kulkarni,P1700,Groceries,2460.52,2460.52,Pending,4115.39,East,Medium,U95389
375,Ishita Patel,P1153,Furniture,4508.47,4508.47,Cancelled,11770.98,West,Low,U28340
376,Akash Sharma,P1671,Beauty,4987.6,4987.6,Pending,7575.43,West,Medium,U86418
377,Pranav Malhotra,P1835,Furniture,1781.52,1781.52,Cancelled,4323.28,West,Low,U49347
378,Kabir Banerjee,P1673,Clothing,1539.54,1539.54,Cancelled,2989.11,East,Low,U33995
379,Sanjay Saxena,P1343,Groceries,1189.04,1189.04,Pending,1720.13,West,Medium,U86751
380,Riya Pandey,P1871,Groceries,2405.63,2405.63,Cancelled,6574.07,North,Medium,U75598
381,Krishna Chatterjee,P1697,Sports,2696.21,2696.21,Completed,4923.86,South,High,U84632
382,Ramesh Iyer,P1323,Clothing,3916.81,3916.81,Cancelled,7736.33,South,Medium,U10617
383,Suresh Joshi,P1214,Clothing,2923.77,2923.77,Completed,3850.23,South,Low,U66283
384,Aryan Mishra,P1988,Beauty,1978.25,1978.25,Completed,2127.51,East,High,U79603
385,Diya Sharma,P1692,Electronics,3170.77,3170.77,Cancelled,4748.69,East,Medium,U60272
386,Sandeep Malhotra,P1313,Clothing,419.91,419.91,Pending,458.31,West,Low,U78697
387,Neha Mishra,P1909,Clothing,1779.39,1779.39,Pending,4987.22,South,High,U62873
388,Vivaan Mehta,P1229,Clothing,1134.83,1134.83,Cancelled,1184.57,South,High,U95267
389,Aditya Chauhan,P1897,Books,3879.12,3879.12,Cancelled,8713.55,North,Low,U12587
390,Vihaan Pillai,P1118,Sports,2277.14,2277.14,Pending,2840.03,West,Low,U99881
391,Rahul Sharma,P1308,Sports,3342.16,3342.16,Pending,7770.41,South,Medium,U23751
392,Sandeep Menon,P1632,Groceries,1485.26,1485.26,Pending,3816.41,South,Low,U44471
393,Vikram Patel,P1366,Sports,1547.22,1547.22,Pending,1669.16,South,Low,U53332
394,Myra Sharma,P1013,Groceries,4543.71,4543.71,Cancelled,12133.82,West,High,U77070
395,Arjun Menon,P1740,Groceries,4533.42,4533.42,Pending,10375.52,East,Medium,U23082
396,Ananya Chatterjee,P1040,Books,1865.05,1865.05,Pending,4389.46,North,High,U16014
397,Aarav Chatterjee,P1141,Clothing,1710.44,1710.44,Cancelled,4770.51,East,Low,U54921
398,Ananya Reddy,P1410,Sports,4815.32,4815.32,Pending,7433.25,West,Medium,U31860
399,Krishna Iyer,P1712,Electronics,4909.69,4909.69,Completed,13200.68,West,Low,U84572
400,Sanjay Pandey,P1185,Sports,3917.91,3917.91,Cancelled,8708.4,South,Medium,U24802
401,Karthik Pandey,P1047,Groceries,1381.9,1381.9,Cancelled,2250.39,South,Low,U78039
402,Vikram Pillai,P1717,Groceries,2220.95,2220.95,Pending,5448.67,East,Low,U60446
403,Rohan Banerjee,P1846,Electronics,157.06,157.06,Cancelled,450.56,West,Medium,U19812
404,Nikhil Agarwal,P1328,Furniture,1721.38,1721.38,Cancelled,2679.01,South,Low,U62858
405,Myra Gupta,P1470,Beauty,4026.18,4026.18,Pending,7634.43,West,Medium,U75191
406,Varun Rao,P1018,Groceries,2076.85,2076.85,Cancelled,2225.69,North,High,U91142
407,Rahul Kulkarni,P1911,Furniture,3307.52,3307.52,Pending,6325.35,East,High,U69566
408,Neha Chopra,P1785,Beauty,3611.62,3611.62,Pending,6235.78,North,High,U39064
409,Aarav Singh,P1363,Books,2783.68,2783.68,Completed,4865.26,North,High,U63636
410,Reyansh Joshi,P1625,Furniture,1018.96,1018.96,Pending,2914.67,South,Medium,U34979
411,Pranav Singh,P1110,Sports,327.85,327.85,Cancelled,743.07,North,Medium,U87242
412,Sandeep Iyer,P1986,Beauty,121.25,121.25,Cancelled,299.78,West,Low,U76628
413,Siddharth Tiwari,P1932,Clothing,3489.91,3489.91,Completed,4701.96,North,Medium,U89450
414,Priya Bansal,P1902,Sports,2151.46,2151.46,Cancelled,4771.91,South,Medium,U54939
415,Riya Pandey,P1824,Clothing,777.08,777.08,Cancelled,1713.5,East,Low,U51144
416,Pranav Menon,P1957,Furniture,1084.36,1084.36,Pending,2438.0,East,Low,U95208
417,Ananya Bansal,P1555,Toys,3580.73,3580.73,Cancelled,9028.99,West,Low,U97445
418,Pranav Mishra,P1690,Books,4399.64,4399.64,Completed,8116.34,North,High,U16955
419,Vijay Verma,P1204,Books,3775.91,3775.91,Pending,4991.27,East,High,U48684
420,Saanvi Das,P1554,Electronics,1857.54,1857.54,Cancelled,3538.96,South,Low,U60972
421,Myra Bansal,P1803,Books,3495.39,3495.39,Pending,3823.82,West,Medium,U99803
422,Priya Chopra,P1055,Electronics,3743.98,3743.98,Pending,5264.69,South,Low,U94886
423,Sneha Das,P1602,Furniture,3903.12,3903.12,Pending,11430.6,West,High,U19760
424,Ananya Nair,P1752,Groceries,1948.27,1948.27,Cancelled,3617.97,East,High,U43425
425,Aarav Singh,P1477,Clothing,295.71,295.71,Cancelled,844.92,North,Low,U96755
426,Ishita Agarwal,P1808,Toys,457.12,457.12,Cancelled,1104.11,South,High,U76209
427,Kabir Mishra,P1556,Sports,550.53,550.53,Completed,794.08,East,Medium,U38632
428,Nikhil Kapoor,P1543,Beauty,4983.49,4983.49,Cancelled,13193.18,North,High,U68414
429,Myra Saxena,P1657,Furniture,4798.59,4798.59,Pending,11349.16,West,High,U80809
430,Akash Kulkarni,P1025,Toys,2620.11,2620.11,Pending,5286.0,North,Medium,U35232
431,Priya Bansal,P1084,Groceries,920.23,920.23,Cancelled,2680.22,North,Low,U97862
432,Rahul Das,P1218,Sports,4194.76,4194.76,Cancelled,5919.47,West,Low,U19452
433,Varun Naidu,P1157,Electronics,2350.2,2350.2,Completed,3909.39,North,High,U43018
434,Anil Gupta,P1588,Furniture,4563.83,4563.83,Pending,8284.56,West,Medium,U61052
435,Sanjay Reddy,P1547,Electronics,3242.97,3242.97,Cancelled,7253.55,North,Low,U56884
436,Sandeep Reddy,P1296,Books,3072.17,3072.17,Pending,4801.91,West,Medium,U14039
437,Lakshmi Nair,P1546,Furniture,768.27,768.27,Cancelled,1369.05,East,Low,U98773
438,Akash Rao,P1382,Electronics,2812.27,2812.27,Completed,5934.28,North,High,U61653
439,Rajesh Chopra,P1969,Groceries,1592.99,1592.99,Cancelled,3977.05,East,High,U94663
440,Sandeep Iyer,P1164,Clothing,1181.86,1181.86,Completed,3154.97,North,High,U84356
441,Vihaan Chatterjee,P1769,Beauty,3258.91,3258.91,Cancelled,3735.65,North,Medium,U86099
442,Deepika Singh,P1365,Clothing,3389.35,3389.35,Pending,4979.18,North,High,U69067
443,Neha Kapoor,P1675,Books,3497.94,3497.94,Cancelled,4564.08,East,Medium,U32103
444,Aarav Singh,P1252,Furniture,3589.78,3589.78,Pending,8190.72,East,High,U53458
445,Lakshmi Pandey,P1456,Toys,3896.36,3896.36,Completed,7691.19,South,Low,U46780
446,Ishaan Saxena,P1551,Furniture,1389.85,1389.85,Completed,3853.6,North,High,U92788
447,Vivaan Banerjee,P1595,Sports,3869.08,3869.08,Completed,5515.46,East,Low,U80736
448,Lakshmi Rao,P1793,Clothing,1892.51,1892.51,Cancelled,2737.73,East,High,U76900
449,Sai Chauhan,P1372,Electronics,3347.12,3347.12,Cancelled,9023.71,South,Low,U30869
450,Ananya Malhotra,P1971,Clothing,3706.01,3706.01,Pending,7289.75,North,High,U40375
451,Arjun Joshi,P1378,Furniture,309.76,309.76,Pending,437.86,West,Medium,U16086
452,Aditya Rao,P1331,Groceries,3548.31,3548.31,Pending,7248.3,East,Low,U32786
453,Kavya Rao,P1387,Toys,2979.63,2979.63,Completed,8332.4,East,Medium,U39215
454,Vikram Chauhan,P1361,Toys,2485.62,2485.62,Cancelled,4882.3,North,Low,U67658
455,Kabir Mehta,P1078,Books,1136.43,1136.43,Pending,1561.24,North,Low,U53283
456,Akash Reddy,P1493,Beauty,2447.2,2447.2,Cancelled,5338.77,West,High,U26762
457,Sunita Malhotra,P1164,Clothing,3184.75,3184.75,Cancelled,3434.38,South,High,U33597
458,Vikram Chauhan,P1613,Electronics,4404.69,4404.69,Pending,10817.69,North,High,U71789
459,Lakshmi Nair,P1224,Sports,3044.11,3044.11,Completed,7881.91,East,High,U54914
460,Ramesh Kapoor,P1604,Groceries,1226.09,1226.09,Completed,2171.31,North,High,U76107
461,Sanjay Mishra,P1846,Clothing,3067.0,3067.0,Cancelled,4155.31,North,Low,U25403
462,Sai Agarwal,P1675,Clothing,4519.73,4519.73,Completed,9394.58,West,Low,U15693
463,Naveen Bansal,P1439,Furniture,4698.27,4698.27,Pending,9228.56,East,Low,U85513
464,Reyansh Mishra,P1137,Books,2437.99,2437.99,Completed,3571.72,East,Low,U63562
465,Anika Patel,P1005,Electronics,2932.14,2932.14,Completed,3623.12,West,Low,U51405
466,Karthik Yadav,P1109,Clothing,2187.75,2187.75,Pending,4749.04,West,Low,U46118
467,Sanjay Chauhan,P1773,Furniture,2124.82,2124.82,Pending,5455.64,South,Medium,U73407
468,Anika Kulkarni,P1591,Toys,3893.55,3893.55,Completed,6993.83,North,Low,U31206
469,Reyansh Patel,P1520,Sports,3951.8,3951.8,Cancelled,10281.43,North,High,U93345
470,Aarav Bose,P1093,Clothing,2411.18,2411.18,Completed,5305.78,North,Medium,U20490
471,Meena Verma,P1741,Sports,4660.36,4660.36,Cancelled,8394.66,East,Low,U17531
472,Siddharth Banerjee,P1179,Beauty,2250.96,2250.96,Cancelled,3159.03,East,High,
473,Meena Bansal,P1528,Furniture,3114.43,3114.43,Pending,7312.83,South,Low,
474,Kabir Gupta,P1282,Sports,1830.33,1830.33,Cancelled,3276.81,South,Low,
475,Pranav Gupta,P1941,Groceries,2793.0,2793.0,Cancelled,6849.21,East,Medium,U46242
476,Aadhya Kapoor,P1986,Furniture,2328.32,2328.32,Completed,4209.4,East,High,U23954
477,Anil Gupta,P1515,Books,1765.83,1765.83,Cancelled,2179.07,East,Low,U85352
478,Anika Pillai,P1453,Sports,2859.53,2859.53,Pending,7263.02,West,Low,U86916
479,Vivaan Agarwal,P1119,Books,431.02,431.02,Completed,977.26,South,Medium,U56281
480,Vikram Chopra,P1009,Books,1316.46,1316.46,Cancelled,1561.35,East,High,U33394
481,Lakshmi Singh,P1362,Furniture,4482.15,4482.15,Cancelled,6894.23,South,Medium,U40783
482,Varun Mehta,P1893,Books,1113.22,1113.22,Completed,1564.67,East,High,U25712
483,Sai Naidu,P1978,Beauty,3107.75,3107.75,Cancelled,7857.91,North,Medium,U51342
484,Deepika Saxena,P1902,Books,2504.95,2504.95,Cancelled,7436.67,East,Medium,U85584
485,Ishaan Verma,P1538,Sports,2443.77,2443.77,Cancelled,5086.79,East,Medium,U32911
486,Ramesh Reddy,P1715,Beauty,1646.69,1646.69,Cancelled,1674.42,South,Medium,U52655
487,Sneha Kapoor,P1882,Books,1017.05,1017.05,Pending,1551.71,West,Low,U34105
488,Deepika Mishra,P1215,Sports,3533.49,3533.49,Pending,6164.59,East,Medium,U27188
489,Sunita Naidu,P1234,Groceries,3632.0,3632.0,Cancelled,9472.89,West,Medium,U29601
490,Lakshmi Bose,P1009,Clothing,2165.45,2165.45,Cancelled,2747.83,East,Medium,U83680
491,Sunita Verma,P1407,Groceries,3483.66,3483.66,Pending,3901.95,West,Low,U53864
492,Anika Yadav,P1368,Books,1786.29,1786.29,Pending,3257.34,South,Low,U95082
493,Rajesh Nair,P1799,Books,1840.03,1840.03,Pending,4317.42,West,High,U47555
494,Ramesh Rao,P1979,Clothing,4354.46,4354.46,Pending,9933.23,West,Low,U63054
495,Arjun Gupta,P1165,Toys,1218.27,1218.27,Pending,1990.36,East,Low,U45553
496,Suresh Das,P1883,Toys,3764.69,3764.69,Pending,7687.01,West,High,U13027
497,Ishaan Menon,P1240,Books,4708.14,4708.14,Completed,11306.1,South,High,U22524
498,Arjun Tiwari,P1899,Beauty,2787.33,2787.33,Pending,2934.31,North,High,U30352
499,Sai Rao,P1953,Sports,1615.92,1615.92,Pending,2415.47,West,Low,U79041
500,Kabir Sharma,P1035,Toys,4315.81,4315.81,Pending,7122.82,West,Low,U81898
501,Suresh Iyer,P1992,Clothing,2995.07,2995.07,Cancelled,5729.83,West,Low,U79964
502,Ishita Tiwari,P1355,Beauty,2744.37,2744.37,Pending,7161.2,East,Medium,U30410
503,Ishita Sharma,P1000,Clothing,1785.04,1785.04,Completed,3460.11,West,Medium,U66418
504,Riya Kapoor,P1236,Electronics,2786.24,2786.24,Cancelled,3837.05,West,Medium,U94671
505,Kavya Banerjee,P1387,Furniture,1388.6,1388.6,Completed,2561.24,East,Medium,U79722
506,Navya Mishra,P1192,Groceries,993.8,993.8,Cancelled,1569.4,West,Low,U91625
507,Deepika Patel,P1328,Electronics,845.53,845.53,Completed,2485.38,South,High,U26389
508,Pranav Pandey,P1744,Electronics,1240.77,1240.77,Pending,1614.7,South,Medium,U75325
509,Sneha Pandey,P1713,Electronics,1718.22,1718.22,Completed,4617.02,North,Medium,U19356
510,Rajesh Agarwal,P1185,Furniture,4488.92,4488.92,Pending,6734.09,North,High,U42631
511,Kavya Das,P1998,Beauty,1311.09,1311.09,Completed,3918.94,West,Low,U78306
512,Vijay Patel,P1484,Sports,3439.07,3439.07,Pending,5585.8,South,Low,U82034
513,Vikram Reddy,P1259,Beauty,3228.75,3228.75,Completed,4512.01,South,High,U66906
514,Priya Sharma,P1171,Books,2965.01,2965.01,Completed,5312.16,North,High,U72294
515,Naveen Kapoor,P1158,Toys,3876.91,3876.91,Pending,5805.46,North,Low,U91937
516,Vihaan Verma,P1364,Clothing,3536.51,3536.51,Completed,9134.57,West,High,U83184
517,Amit Das,P1355,Beauty,3692.63,3692.63,Pending,3850.33,East,Low,U15175
518,Deepika Pillai,P1448,Books,2759.4,2759.4,Cancelled,5464.12,South,Low,U71393
519,Navya Chatterjee,P1851,Clothing,437.5,437.5,Pending,573.15,East,Low,U10094
520,Siddharth Rao,P1518,Sports,3694.92,3694.92,Cancelled,10219.65,East,Low,U18302
521,Vijay Chopra,P1838,Sports,1030.36,1030.36,Cancelled,2438.29,South,Low,U63713
522,Amit Singh,P1113,Groceries,2663.68,2663.68,Completed,3018.91,South,High,U73618
523,Diya Reddy,P1032,Sports,3323.81,3323.81,Cancelled,6819.27,East,High,U89423
524,Pranav Gupta,P1013,Furniture,3313.17,3313.17,Completed,9465.09,West,Low,U83140
525,Varun Saxena,P1425,Toys,3991.82,3991.82,Cancelled,4457.27,East,Low,
526,Arjun Banerjee,P1311,Groceries,4728.56,4728.56,Completed,13812.94,North,Low,U60506
527,Diya Patel,P1538,Furniture,2893.14,2893.14,Cancelled,8375.66,West,Low,U93705
528,Sunita Yadav,P1690,Beauty,3542.5,3542.5,Completed,6568.33,South,High,U76151
529,Neha Naidu,P1161,Beauty,4674.25,4674.25,Cancelled,13111.13,East,Medium,U93000
530,Manish Banerjee,P1743,Toys,3081.23,3081.23,Completed,6551.59,West,Low,U43303
531,Sneha Pandey,P1458,Sports,100.96,100.96,Pending,107.96,North,Low,U49562
532,Aarav Kulkarni,P1227,Furniture,4293.03,4293.03,Cancelled,4479.36,East,Low,U84798
533,Sunita Iyer,P1096,Electronics,2355.81,2355.81,Pending,3091.33,East,Low,U43586
534,Ishita Gupta,P1584,Sports,2888.42,2888.42,Completed,4144.52,East,Medium,U85527
535,Reyansh Kapoor,P1657,Books,283.12,283.12,Pending,740.84,North,High,U53829
536,Pooja Saxena,P1836,Sports,2140.96,2140.96,Completed,5856.94,North,Low,U60133
537,Vihaan Kulkarni,P1536,Electronics,1664.65,1664.65,Pending,3545.41,South,High,U61495
538,Suresh Das,P1609,Groceries,1188.22,1188.22,Pending,1876.87,South,High,U72371
539,Sunita Menon,P1050,Sports,1386.53,1386.53,Pending,2491.67,South,High,U35966
540,Deepika Chauhan,P1667,Furniture,2849.72,2849.72,Cancelled,8532.51,South,High,U66369
541,Priya Naidu,P1946,Groceries,651.4,651.4,Pending,1190.21,East,High,U87840
542,Amit Sharma,P1788,Books,929.35,929.35,Pending,1579.37,South,Medium,
543,Aadhya Patel,P1701,Toys,864.36,864.36,Completed,2123.71,North,Low,U91396
544,Rohan Chatterjee,P1852,Books,167.29,167.29,Completed,399.42,East,Medium,U53499
545,Saanvi Menon,P1550,Furniture,1098.63,1098.63,Pending,2248.38,West,Low,U28526
546,Naveen Pillai,P1684,Electronics,1945.37,1945.37,Cancelled,5470.54,North,Medium,U47226
547,Diya Bose,P1713,Books,360.12,360.12,Completed,831.7,North,Medium,U96898
548,Vijay Yadav,P1885,Groceries,193.48,193.48,Cancelled,529.13,West,High,U76655
549,Pranav Reddy,P1925,Toys,2474.84,2474.84,Completed,5430.33,South,High,U70029
550,Anil Tiwari,P1729,Electronics,294.79,294.79,Pending,838.54,East,Medium,U30578
551,Vivaan Yadav,P1700,Toys,1841.35,1841.35,Cancelled,2954.73,East,High,U60747
552,Vivaan Chopra,P1971,Books,1205.36,1205.36,Pending,2029.31,South,High,U78251
553,Sanjay Kapoor,P1893,Furniture,2144.93,2144.93,Pending,4602.58,East,Low,U81071
554,Ishaan Patel,P1668,Clothing,2947.05,2947.05,Completed,6978.9,South,Medium,U78656
555,Ishaan Mishra,P1930,Clothing,3315.54,3315.54,Completed,7061.07,East,High,U25517
556,Ananya Singh,P1859,Clothing,3662.69,3662.69,Pending,9269.79,West,Medium,U93472
557,Varun Joshi,P1155,Furniture,623.18,623.18,Cancelled,853.44,East,Low,U40266
558,Meena Mehta,P1236,Electronics,1860.38,1860.38,Pending,4420.79,South,Low,U71441
559,Pranav Rao,P1382,Clothing,4275.43,4275.43,Completed,8477.71,South,High,U63554
560,Nikhil Sharma,P1947,Books,4755.97,4755.97,Cancelled,6872.89,South,High,U67577
561,Asha Agarwal,P1704,Toys,4347.2,4347.2,Pending,12064.24,West,High,U59856
562,Akash Singh,P1403,Electronics,2651.18,2651.18,Completed,5045.78,South,Low,U15144
563,Anil Chauhan,P1528,Electronics,1030.27,1030.27,Pending,1935.99,East,Medium,U48590
564,Asha Tiwari,P1055,Clothing,2371.54,2371.54,Completed,5436.05,North,High,U81618
565,Ishaan Chauhan,P1423,Toys,2309.34,2309.34,Cancelled,3135.52,South,Medium,U52477
566,Naveen Rao,P1928,Clothing,3620.04,3620.04,Completed,4514.51,West,Low,U78657
567,Pranav Chauhan,P1744,Clothing,1955.53,1955.53,Completed,3444.11,East,Low,U29672
568,Kabir Chatterjee,P1148,Clothing,3868.87,3868.87,Pending,4265.9,East,Low,U68491
569,Riya Rao,P1185,Groceries,4502.86,4502.86,Completed,13152.26,East,High,U75358
570,Rajesh Bose,P1005,Beauty,1265.6,1265.6,Pending,2756.13,West,Medium,U88802
571,Meena Sharma,P1250,Books,3136.85,3136.85,Completed,6634.74,North,High,U95626
572,Pooja Verma,P1148,Electronics,3368.28,3368.28,Pending,9013.61,East,High,
573,Karthik Nair,P1165,Books,3094.34,3094.34,Cancelled,7373.9,South,Medium,U57210
574,Aditya Gupta,P1786,Books,1681.83,1681.83,Completed,4700.82,West,Low,U71710
575,Ishaan Reddy,P1711,Books,1713.12,1713.12,Completed,3130.75,South,Low,U84890
576,Akash Rao,P1541,Groceries,2469.95,2469.95,Cancelled,5871.83,East,Medium,U51482
577,Anika Bansal,P1588,Toys,4642.82,4642.82,Pending,10346.9,West,Medium,U89876
578,Aadhya Pillai,P1297,Furniture,107.75,107.75,Cancelled,112.92,North,Low,U90649
579,Karthik Mishra,P1046,Toys,1813.29,1813.29,Completed,4736.47,North,Low,U46913
580,Anika Bose,P1069,Books,1571.39,1571.39,Completed,3299.9,North,Low,U61910
581,Akash Malhotra,P1630,Electronics,4177.01,4177.01,Pending,5797.82,West,Medium,U94626
582,Ishaan Agarwal,P1159,Beauty,4471.09,4471.09,Pending,9272.75,West,Medium,U17342
583,Vikram Kulkarni,P1578,Toys,2820.37,2820.37,Cancelled,2925.96,East,Medium,U29569
584,Navya Banerjee,P1031,Toys,4919.73,4919.73,Completed,11084.26,West,High,U50407
585,Pranav Chatterjee,P1322,Electronics,1430.34,1430.34,Completed,1678.64,East,Medium,U49666
586,Saanvi Bansal,P1309,Clothing,649.93,649.93,Completed,1670.25,North,Medium,U73263
587,Sandeep Iyer,P1194,Toys,4625.82,4625.82,Cancelled,11402.1,East,Medium,U22878
588,Vikram Naidu,P1135,Furniture,3650.4,3650.4,Cancelled,7004.16,North,High,U15771
589,Sanjay Chatterjee,P1608,Groceries,1733.12,1733.12,Completed,4815.25,East,High,U50913
590,Rahul Saxena,P1214,Toys,1082.72,1082.72,Cancelled,1703.26,East,Medium,U45737
591,Rohan Nair,P1280,Groceries,174.76,174.76,Cancelled,392.49,North,High,U82006
592,Priya Joshi,P1144,Books,2913.01,2913.01,Pending,3910.86,East,Low,U27049
593,Vivaan Agarwal,P1924,Electronics,619.04,619.04,Pending,685.65,West,High,U87693
594,Rahul Banerjee,P1706,Beauty,3119.95,3119.95,Completed,5069.55,North,Medium,U22178
595,Naveen Pandey,P1099,Beauty,1620.92,1620.92,Pending,3710.02,West,High,U28837
596,Asha Joshi,P1934,Toys,2021.18,2021.18,Cancelled,4849.27,East,Medium,U13966
597,Arjun Agarwal,P1115,Toys,2445.4,2445.4,Pending,6581.87,East,Low,U76577
598,Reyansh Chauhan,P1837,Groceries,1696.76,1696.76,Pending,3900.69,West,Medium,U41270
599,Asha Mehta,P1561,Clothing,4872.07,4872.07,Pending,8612.03,South,Low,U67062
600,Sunita Bose,P1350,Furniture,948.12,948.12,Cancelled,2217.85,West,High,U70674
601,Priya Chopra,P1099,Beauty,963.25,963.25,Completed,2804.76,North,Low,U59664
602,Priya Agarwal,P1660,Electronics,543.61,543.61,Cancelled,1431.91,North,High,U69372
603,Rajesh Kulkarni,P1399,Beauty,1058.77,1058.77,Pending,2501.91,East,Low,U99071
604,Ishita Tiwari,P1965,Sports,3617.18,3617.18,Completed,10237.47,North,Low,U62978
605,Ishaan Chatterjee,P1301,Electronics,1909.19,1909.19,Completed,4005.04,North,Low,U57086
606,Krishna Chatterjee,P1288,Electronics,1252.68,1252.68,Pending,3012.0,East,Low,U60012
607,Manish Chopra,P1216,Clothing,2426.87,2426.87,Pending,3340.47,East,Medium,U97826
608,Ishaan Iyer,P1011,Groceries,3277.11,3277.11,Pending,4220.89,West,High,U94180
609,Karthik Chatterjee,P1466,Sports,3153.92,3153.92,Pending,6020.17,West,Medium,U34352
610,Manish Kapoor,P1007,Beauty,4249.34,4249.34,Cancelled,6261.4,East,Medium,U85543
611,Sneha Verma,P1038,Beauty,3553.92,3553.92,Pending,4358.27,North,High,U78997
612,Nikhil Das,P1286,Beauty,2633.05,2633.05,Cancelled,5389.1,North,High,U96997
613,Vijay Gupta,P1700,Books,3103.89,3103.89,Cancelled,8713.15,North,Medium,U71503
614,Sunita Menon,P1339,Sports,1829.28,1829.28,Pending,5406.48,East,High,
615,Meena Menon,P1311,Books,400.95,400.95,Completed,780.38,North,Low,U91830
616,Vivaan Kulkarni,P1496,Groceries,721.42,721.42,Pending,832.32,East,High,U46073
617,Anika Sharma,P1759,Groceries,3058.73,3058.73,Cancelled,8626.42,South,Low,U32989
618,Anika Bose,P1717,Furniture,2476.1,2476.1,Completed,6434.75,East,High,U88059
619,Rohan Banerjee,P1507,Sports,3874.8,3874.8,Pending,5718.8,South,High,U55229
620,Vihaan Rao,P1270,Groceries,357.36,357.36,Pending,689.0,East,Medium,U79798
621,Aadhya Chauhan,P1699,Sports,2425.49,2425.49,Pending,3129.61,North,Medium,U68827
622,Kavya Naidu,P1323,Electronics,577.09,577.09,Pending,1190.3,West,Low,U45728
623,Neha Joshi,P1273,Groceries,1351.19,1351.19,Pending,2929.86,South,Low,U35549
624,Vikram Singh,P1693,Clothing,1635.02,1635.02,Completed,1669.61,North,High,U78847
625,Reyansh Naidu,P1456,Toys,1175.14,1175.14,Completed,1840.97,North,High,U17455
626,Meena Naidu,P1915,Furniture,4757.4,4757.4,Cancelled,10828.63,North,High,U27027
627,Kavya Naidu,P1782,Clothing,4490.41,4490.41,Pending,10737.95,East,Medium,U19924
628,Rahul Pandey,P1944,Books,3869.86,3869.86,Cancelled,9227.46,East,Medium,U19698
629,Navya Das,P1063,Sports,2004.09,2004.09,Pending,5996.07,East,High,U74450
630,Diya Kapoor,P1402,Clothing,3262.87,3262.87,Cancelled,3970.46,West,High,U23926
631,Suresh Pillai,P1265,Groceries,270.82,270.82,Cancelled,308.96,East,Medium,
632,Deepika Iyer,P1668,Electronics,4671.18,4671.18,Pending,10880.17,South,Low,U61292
633,Sunita Sharma,P1527,Beauty,2442.88,2442.88,Cancelled,4416.3,North,Low,U60387
634,Naveen Banerjee,P1798,Beauty,693.9,693.9,Pending,1436.79,East,Low,U17234
635,Rahul Rao,P1092,Toys,2719.67,2719.67,Completed,7946.47,West,Medium,U33149
636,Anil Verma,P1990,Sports,3337.6,3337.6,Pending,5332.62,North,Low,U73766
637,Sai Saxena,P1647,Beauty,3703.09,3703.09,Completed,4739.53,North,Low,U41258
638,Deepika Chauhan,P1064,Books,2548.45,2548.45,Pending,7466.72,North,High,U54265
639,Akash Verma,P1415,Groceries,1137.22,1137.22,Cancelled,2624.36,West,Low,U80328
640,Rohan Menon,P1593,Furniture,4631.6,4631.6,Completed,4973.21,West,Low,
641,Asha Verma,P1248,Clothing,170.39,170.39,Pending,385.99,North,Medium,U87469
642,Arjun Banerjee,P1837,Groceries,659.48,659.48,Cancelled,1444.23,South,High,U65864
643,Neha Bose,P1855,Sports,1688.75,1688.75,Cancelled,4984.69,South,Medium,U37948
644,Nikhil Verma,P1607,Clothing,1743.97,1743.97,Completed,2165.12,West,High,U82536
645,Kabir Pandey,P1249,Electronics,753.52,753.52,Cancelled,1945.67,West,High,
646,Deepika Gupta,P1006,Electronics,979.12,979.12,Cancelled,1153.68,East,Medium,U72391
647,Naveen Iyer,P1211,Clothing,3235.15,3235.15,Pending,6619.68,South,High,U14931
648,Meena Nair,P1734,Beauty,3099.04,3099.04,Pending,3644.6,East,Medium,
649,Myra Patel,P1120,Groceries,3132.71,3132.71,Cancelled,8538.08,South,Medium,U96419
650,Saanvi Joshi,P1054,Furniture,652.13,652.13,Pending,846.75,West,High,U15651
651,Vihaan Rao,P1372,Books,1126.99,1126.99,Cancelled,1693.6,West,High,U16875
652,Rajesh Nair,P1161,Electronics,2476.8,2476.8,Completed,3051.74,West,Low,U64927
653,Diya Menon,P1693,Toys,1227.31,1227.31,Completed,1497.64,North,High,U36208
654,Kavya Saxena,P1225,Groceries,2407.85,2407.85,Pending,4740.61,South,High,U69636
655,Ananya Chauhan,P1382,Clothing,2342.93,2342.93,Pending,3252.71,East,High,U14206
656,Naveen Malhotra,P1061,Books,768.86,768.86,Pending,2078.46,West,High,U38816
657,Riya Kapoor,P1160,Clothing,2932.8,2932.8,Completed,6175.04,North,Medium,U74122
658,Saanvi Malhotra,P1484,Beauty,1467.94,1467.94,Cancelled,3611.18,South,High,U85951
659,Aadhya Saxena,P1949,Clothing,4577.4,4577.4,Pending,12800.72,North,High,U76088
660,Aditya Mishra,P1543,Sports,2448.42,2448.42,Completed,6356.18,West,Medium,U83202
661,Nikhil Sharma,P1709,Sports,4754.68,4754.68,Pending,6016.69,South,Low,U12087
662,Lakshmi Naidu,P1312,Clothing,3546.19,3546.19,Cancelled,9630.9,North,Medium,U28169
663,Pranav Chauhan,P1189,Toys,3171.37,3171.37,Completed,7636.04,North,Medium,U53634
664,Vikram Verma,P1303,Sports,3789.15,3789.15,Cancelled,9079.22,South,Low,U54000
665,Varun Tiwari,P1056,Toys,4451.09,4451.09,Pending,5438.93,West,Low,
666,Sneha Nair,P1663,Groceries,2847.72,2847.72,Completed,7253.57,East,High,U95070
667,Lakshmi Menon,P1961,Furniture,3790.55,3790.55,Pending,9558.9,East,Medium,U65434
668,Navya Verma,P1064,Toys,1791.61,1791.61,Cancelled,3533.87,North,Medium,U98907
669,Rajesh Saxena,P1299,Beauty,3142.66,3142.66,Cancelled,8170.31,North,High,U70014
670,Sai Gupta,P1400,Clothing,1513.03,1513.03,Completed,4407.84,South,Medium,U29392
671,Deepika Iyer,P1895,Furniture,2651.37,2651.37,Pending,5977.65,West,Low,U27305
672,Lakshmi Yadav,P1430,Beauty,3714.78,3714.78,Completed,3874.38,North,High,U40451
673,Vikram Rao,P1343,Sports,2935.65,2935.65,Pending,6785.82,West,Low,U79489
674,Anil Pandey,P1468,Books,2879.53,2879.53,Pending,8052.79,South,Medium,U58745
675,Riya Das,P1865,Electronics,826.86,826.86,Completed,1297.15,South,Low,U33891
676,Ananya Banerjee,P1725,Clothing,890.15,890.15,Pending,1098.3,South,Medium,U34182
677,Saanvi Chopra,P1724,Electronics,3361.21,3361.21,Completed,9935.89,East,Medium,U31311
678,Rajesh Kulkarni,P1124,Electronics,2082.36,2082.36,Completed,4162.29,West,Medium,U81584
679,Sandeep Singh,P1662,Books,2422.16,2422.16,Cancelled,3826.18,South,Low,U67947
680,Neha Pillai,P1115,Beauty,4510.85,4510.85,Cancelled,5768.69,North,Medium,
681,Asha Banerjee,P1225,Beauty,1851.23,1851.23,Cancelled,3059.59,South,Low,U46428
682,Diya Sharma,P1085,Beauty,3417.61,3417.61,Cancelled,9963.18,West,High,U89058
683,Meena Bansal,P1966,Electronics,4551.39,4551.39,Completed,7838.08,West,Medium,U11597
684,Riya Yadav,P1359,Books,4889.87,4889.87,Completed,13440.31,South,Low,U64474
685,Suresh Kulkarni,P1167,Sports,3670.17,3670.17,Cancelled,6710.49,North,High,U72208
686,Vikram Singh,P1067,Sports,533.4,533.4,Pending,970.21,West,High,U84437
687,Nikhil Tiwari,P1140,Furniture,1011.43,1011.43,Cancelled,1783.7,West,High,U49582
688,Geeta Kulkarni,P1505,Beauty,1200.15,1200.15,Completed,3099.31,East,Medium,U93435
689,Lakshmi Reddy,P1669,Books,2144.07,2144.07,Cancelled,4253.35,South,High,U46335
690,Deepika Gupta,P1613,Toys,2947.22,2947.22,Pending,6280.97,West,Low,U58916
691,Sandeep Menon,P1589,Electronics,4241.87,4241.87,Completed,5623.42,South,Medium,U27759
692,Pooja Nair,P1054,Books,1869.7,1869.7,Pending,4248.88,North,Medium,U93747
693,Arjun Bansal,P1198,Clothing,3846.98,3846.98,Completed,8453.83,East,Medium,U99780
694,Ishita Joshi,P1701,Toys,569.58,569.58,Completed,1230.35,North,High,U58891
695,Siddharth Agarwal,P1421,Toys,4612.45,4612.45,Completed,6116.38,South,Low,U34696
696,Anil Kapoor,P1706,Groceries,2145.0,2145.0,Completed,6074.77,South,High,U50838
697,Naveen Yadav,P1142,Beauty,4459.66,4459.66,Pending,9790.28,South,Low,U25544
698,Aadhya Iyer,P1877,Clothing,3471.43,3471.43,Completed,5605.86,South,High,U24643
699,Arjun Sharma,P1793,Beauty,3810.94,3810.94,Completed,4135.0,North,Low,U17768
700,Lakshmi Reddy,P1930,Books,312.08,312.08,Completed,500.36,North,High,U36922
701,Geeta Saxena,P1204,Clothing,3385.94,3385.94,Completed,3584.08,East,Low,U31044
702,Sandeep Das,P1746,Furniture,2574.06,2574.06,Cancelled,2925.87,North,Low,U35106
703,Riya Nair,P1923,Electronics,4870.54,4870.54,Completed,5831.85,West,Medium,U34264
704,Suresh Naidu,P1980,Groceries,986.16,986.16,Pending,1685.98,West,High,U63422
705,Krishna Das,P1321,Groceries,2382.92,2382.92,Pending,4859.86,East,Low,U15322
706,Sai Singh,P1505,Groceries,1985.43,1985.43,Cancelled,3799.9,East,Low,U68190
707,Aadhya Chopra,P1417,Books,4926.32,4926.32,Completed,9142.87,West,Low,U11675
708,Sanjay Agarwal,P1688,Groceries,2042.21,2042.21,Cancelled,4176.98,North,High,U62510
709,Naveen Malhotra,P1104,Clothing,417.08,417.08,Pending,1230.56,South,Low,U62990
710,Krishna Mehta,P1858,Sports,3653.48,3653.48,Cancelled,5688.6,East,Low,U56674
711,Lakshmi Naidu,P1617,Sports,4938.86,4938.86,Completed,9990.47,West,High,U74138
712,Deepika Mehta,P1643,Clothing,245.65,245.65,Completed,608.13,West,Low,
713,Ananya Chauhan,P1619,Toys,848.41,848.41,Completed,1903.78,North,Low,U74512
714,Ramesh Patel,P1300,Beauty,2502.23,2502.23,Pending,3811.72,North,High,U25615
715,Kavya Pandey,P1322,Sports,2268.53,2268.53,Completed,2431.78,East,Low,U66450
716,Ishaan Kulkarni,P1732,Sports,2488.53,2488.53,Cancelled,3032.93,West,Low,U80699
717,Sunita Agarwal,P1487,Clothing,2582.76,2582.76,Pending,4604.47,West,Low,U47281
718,Priya Verma,P1028,Electronics,728.17,728.17,Cancelled,1261.79,North,Low,U22759
719,Manish Yadav,P1365,Sports,1821.22,1821.22,Completed,4229.75,South,Low,U21133
720,Naveen Gupta,P1889,Books,660.91,660.91,Cancelled,885.33,East,High,U65374
721,Sunita Bansal,P1923,Sports,1406.43,1406.43,Cancelled,3364.06,North,Medium,U61157
722,Priya Malhotra,P1100,Beauty,590.28,590.28,Pending,1387.29,West,Low,U97475
723,Neha Nair,P1629,Books,1880.34,1880.34,Pending,3519.96,North,Low,U44754
724,Vihaan Kulkarni,P1587,Sports,4042.55,4042.55,Completed,9092.28,North,Low,U18817
725,Sunita Bose,P1543,Beauty,2192.82,2192.82,Completed,3716.03,East,Low,U66742
726,Vijay Chopra,P1320,Furniture,2130.14,2130.14,Cancelled,3200.6,West,Low,U33671
727,Vivaan Rao,P1720,Clothing,2926.53,2926.53,Cancelled,4172.96,West,Medium,U79824
728,Asha Chatterjee,P1787,Sports,4679.72,4679.72,Completed,11480.43,South,Medium,U41506
729,Rohan Menon,P1701,Books,4236.2,4236.2,Completed,7712.09,South,Medium,U47623
730,Amit Nair,P1262,Furniture,2088.74,2088.74,Completed,2563.13,North,High,U50703
731,Ramesh Agarwal,P1573,Sports,2167.89,2167.89,Completed,6094.61,South,Medium,U43868
732,Navya Naidu,P1563,Clothing,3257.04,3257.04,Cancelled,3532.15,West,High,U21000
733,Priya Kapoor,P1305,Groceries,4512.82,4512.82,Pending,8186.32,North,Medium,U28423
734,Myra Reddy,P1584,Groceries,2657.59,2657.59,Cancelled,7063.78,East,Medium,U41205
735,Meena Reddy,P1791,Toys,1713.5,1713.5,Pending,3715.99,South,Medium,U24000
736,Ananya Patel,P1993,Books,2253.43,2253.43,Cancelled,3399.55,North,Medium,U24806
737,Priya Chopra,P1433,Beauty,3445.42,3445.42,Completed,10083.47,East,Medium,U50392
738,Vivaan Rao,P1990,Electronics,4223.22,4223.22,Completed,9816.65,South,Medium,U50536
739,Rahul Pillai,P1371,Groceries,2721.06,2721.06,Pending,4007.48,West,High,U61508
740,Anika Kulkarni,P1092,Furniture,1557.37,1557.37,Completed,4234.23,West,Low,U94466
741,Karthik Bose,P1034,Books,4345.58,4345.58,Pending,11500.12,West,Low,U53610
742,Pranav Mishra,P1897,Groceries,4139.56,4139.56,Cancelled,9922.38,North,Medium,U81791
743,Varun Singh,P1464,Electronics,3833.68,3833.68,Completed,8751.32,West,Low,U62515
744,Diya Rao,P1312,Toys,2921.47,2921.47,Completed,3569.03,South,Low,U51864
745,Suresh Agarwal,P1894,Clothing,1377.33,1377.33,Pending,3271.07,East,High,U58182
746,Ananya Chauhan,P1897,Sports,4729.31,4729.31,Completed,13093.96,North,High,U94817
747,Asha Rao,P1234,Groceries,4873.23,4873.23,Cancelled,6805.62,South,High,U66217
748,Meena Joshi,P1152,Groceries,4794.36,4794.36,Cancelled,6425.62,North,High,U67037
749,Siddharth Tiwari,P1950,Beauty,4153.56,4153.56,Completed,8258.52,South,High,U44891
750,Riya Menon,P1506,Sports,737.98,737.98,Cancelled,2001.9,South,Medium,U34820
751,Karthik Nair,P1418,Clothing,240.99,240.99,Completed,711.46,West,High,U99688
752,Amit Pandey,P1087,Electronics,2397.52,2397.52,Cancelled,6576.13,West,Low,U60265
753,Pranav Mishra,P1753,Books,457.97,457.97,Completed,968.15,East,High,U56439
754,Meena Naidu,P1990,Electronics,126.27,126.27,Pending,253.69,East,Medium,U27332
755,Anil Verma,P1594,Clothing,1375.43,1375.43,Pending,2761.17,West,High,U79523
756,Manish Iyer,P1266,Groceries,1635.02,1635.02,Pending,4834.81,East,Low,U66372
757,Riya Saxena,P1897,Books,3103.36,3103.36,Pending,7830.17,East,Medium,U51358
758,Varun Agarwal,P1782,Clothing,2822.81,2822.81,Cancelled,8032.89,West,High,U17152
759,Aadhya Nair,P1036,Beauty,1375.1,1375.1,Pending,3316.64,North,Medium,
760,Pooja Pillai,P1574,Beauty,2343.02,2343.02,Cancelled,2870.16,South,High,U36703
761,Riya Nair,P1854,Clothing,3774.69,3774.69,Cancelled,9984.6,South,Low,U10540
762,Vikram Das,P1584,Clothing,2140.45,2140.45,Pending,2469.37,North,Medium,
763,Sanjay Naidu,P1124,Sports,1930.44,1930.44,Completed,5517.77,East,High,
764,Ramesh Banerjee,P1724,Beauty,2324.87,2324.87,Cancelled,6766.31,North,Medium,U96005
765,Asha Pandey,P1332,Clothing,1135.7,1135.7,Cancelled,1246.28,East,Medium,U19269
766,Anil Kapoor,P1390,Groceries,2054.41,2054.41,Pending,2785.82,North,High,U31356
767,Kavya Das,P1412,Books,3271.12,3271.12,Completed,9515.25,North,Medium,U66670
768,Varun Bose,P1943,Books,4528.3,4528.3,Pending,9994.08,North,Medium,U74175
769,Suresh Saxena,P1397,Beauty,1415.55,1415.55,Completed,3115.17,West,Medium,U66899
770,Rahul Mishra,P1095,Electronics,2615.37,2615.37,Cancelled,7706.3,South,Low,U30325
771,Deepika Bansal,P1644,Groceries,1524.44,1524.44,Pending,2857.88,East,High,U99694
772,Ishita Banerjee,P1254,Sports,1547.86,1547.86,Completed,1695.61,North,Low,U65694
773,Karthik Reddy,P1475,Books,1841.74,1841.74,Cancelled,3998.67,North,High,U70670
774,Ananya Bose,P1186,Sports,321.77,321.77,Cancelled,589.64,East,Medium,U69637
775,Nikhil Naidu,P1460,Books,1772.54,1772.54,Completed,5027.32,South,High,U89174
776,Anika Chatterjee,P1689,Groceries,2225.61,2225.61,Pending,2305.35,North,High,U72537
777,Ramesh Pillai,P1414,Beauty,1583.72,1583.72,Cancelled,4159.27,East,Low,U98487
778,Aryan Bose,P1309,Groceries,712.94,712.94,Completed,732.73,North,Low,U13514
779,Saanvi Agarwal,P1664,Clothing,3283.73,3283.73,Cancelled,6145.75,South,High,U70742
780,Rohan Agarwal,P1432,Electronics,670.65,670.65,Cancelled,1881.06,West,Medium,U68918
781,Geeta Mehta,P1206,Books,2890.21,2890.21,Completed,7710.15,East,High,U66595
782,Karthik Chatterjee,P1507,Books,281.38,281.38,Cancelled,506.3,West,High,U79246
783,Vivaan Mishra,P1590,Toys,2810.95,2810.95,Cancelled,4316.77,West,Medium,U91618
784,Amit Yadav,P1459,Sports,201.95,201.95,Completed,318.28,West,Medium,U76536
785,Aadhya Malhotra,P1930,Toys,4616.5,4616.5,Cancelled,12496.44,West,High,U61166
786,Karthik Banerjee,P1963,Toys,4000.27,4000.27,Completed,10398.74,South,Medium,U21297
787,Vijay Agarwal,P1132,Clothing,1077.47,1077.47,Completed,2382.82,West,Medium,U37450
788,Anil Verma,P1018,Toys,4416.44,4416.44,Completed,7570.17,South,Low,
789,Arjun Singh,P1440,Groceries,3126.06,3126.06,Completed,3880.62,West,Medium,U56562
790,Siddharth Verma,P1788,Books,4491.96,4491.96,Cancelled,12158.91,North,Low,U67386
791,Ramesh Banerjee,P1773,Groceries,4875.83,4875.83,Cancelled,12498.24,North,Low,
792,Reyansh Nair,P1645,Groceries,4367.26,4367.26,Completed,12324.28,East,Low,U76308
793,Deepika Menon,P1891,Groceries,856.05,856.05,Completed,1478.8,North,High,U64493
794,Siddharth Das,P1006,Furniture,4190.59,4190.59,Pending,8160.45,South,High,U64396
795,Sneha Rao,P1680,Furniture,842.89,842.89,Pending,2113.14,South,High,U64186
796,Karthik Saxena,P1469,Toys,4724.33,4724.33,Completed,8906.11,North,High,U62645
797,Siddharth Nair,P1444,Electronics,2027.0,2027.0,Cancelled,2177.38,South,Low,U92786
798,Pranav Bose,P1676,Books,2154.6,2154.6,Cancelled,5971.62,East,Low,U55109
799,Aarav Banerjee,P1286,Clothing,3531.45,3531.45,Completed,6682.84,West,Low,U95033
800,Aryan Das,P1202,Books,512.98,512.98,Pending,1064.37,South,Low,U47214
801,Saanvi Gupta,P1523,Books,2654.55,2654.55,Completed,6673.78,North,High,U80770
802,Geeta Joshi,P1247,Books,3659.9,3659.9,Completed,10884.21,North,Medium,U76518
803,Pooja Reddy,P1048,Groceries,2298.81,2298.81,Completed,4930.65,West,Medium,U86230
804,Sunita Pillai,P1915,Furniture,1816.65,1816.65,Cancelled,2850.45,South,Low,U42457
805,Reyansh Singh,P1528,Furniture,4131.93,4131.93,Completed,7117.39,South,Low,U64008
806,Sai Gupta,P1063,Sports,4453.7,4453.7,Pending,8695.88,North,Medium,U62789
807,Geeta Chopra,P1531,Sports,4372.87,4372.87,Cancelled,9483.04,West,Medium,U74165
808,Akash Mishra,P1843,Clothing,807.3,807.3,Cancelled,1012.55,West,High,U77264
809,Vikram Reddy,P1711,Furniture,2331.62,2331.62,Completed,2483.68,East,High,U63558
810,Krishna Reddy,P1378,Books,297.38,297.38,Pending,388.56,East,Medium,U73691
811,Vivaan Bose,P1146,Clothing,3940.58,3940.58,Pending,7264.51,East,High,U74067
812,Aarav Reddy,P1560,Toys,431.07,431.07,Pending,469.59,East,Low,U54279
813,Kavya Agarwal,P1854,Clothing,3833.56,3833.56,Pending,7703.65,West,Low,U52626
814,Sai Bose,P1639,Sports,1997.45,1997.45,Pending,5593.84,North,Low,U46356
815,Amit Gupta,P1886,Clothing,3565.32,3565.32,Cancelled,7644.01,East,Low,U94399
816,Anil Gupta,P1197,Electronics,4790.73,4790.73,Pending,9789.89,North,High,U79711
817,Ananya Sharma,P1281,Furniture,1301.9,1301.9,Cancelled,3139.19,West,High,U89541
818,Priya Chauhan,P1603,Electronics,2508.22,2508.22,Pending,7192.82,West,High,U79193
819,Priya Chauhan,P1263,Groceries,661.76,661.76,Completed,793.23,East,High,U21747
820,Rohan Kulkarni,P1975,Sports,3425.18,3425.18,Pending,3828.76,South,High,U49062
821,Kavya Reddy,P1327,Clothing,2122.83,2122.83,Pending,3499.35,North,High,U88250
822,Geeta Mehta,P1504,Sports,4751.85,4751.85,Pending,7311.08,West,Low,U73461
823,Vivaan Mishra,P1648,Furniture,4577.3,4577.3,Cancelled,4747.78,North,High,U95400
824,Ishaan Kulkarni,P1581,Sports,2285.31,2285.31,Cancelled,6153.32,South,High,U32044
825,Myra Chopra,P1975,Sports,4810.63,4810.63,Completed,10151.89,North,Medium,U91360
826,Riya Rao,P1995,Clothing,102.66,102.66,Pending,294.33,East,Low,U99128
827,Kavya Yadav,P1862,Furniture,2967.28,2967.28,Completed,5995.85,South,Low,U19166
828,Ishita Gupta,P1404,Groceries,4169.44,4169.44,Pending,10215.74,West,High,U51720
829,Sanjay Singh,P1650,Books,4900.24,4900.24,Pending,11836.57,South,Low,U54778
830,Saanvi Pandey,P1982,Toys,177.79,177.79,Cancelled,423.8,North,Low,U11255
831,Sanjay Nair,P1423,Beauty,3836.08,3836.08,Cancelled,7964.71,North,Low,
832,Vijay Pandey,P1688,Groceries,1829.67,1829.67,Cancelled,4803.91,East,Medium,U11105
833,Krishna Pandey,P1379,Furniture,2278.43,2278.43,Completed,3287.87,East,Low,U56900
834,Diya Gupta,P1835,Books,4061.23,4061.23,Pending,5857.49,East,High,U89433
835,Saanvi Sharma,P1200,Sports,643.64,643.64,Cancelled,1000.66,West,High,U96486
836,Varun Malhotra,P1688,Clothing,420.27,420.27,Completed,528.07,South,Medium,U39879
837,Vikram Menon,P1801,Books,1040.07,1040.07,Cancelled,2450.36,East,Low,U69497
838,Aarav Mishra,P1656,Electronics,4283.91,4283.91,Pending,7051.31,East,High,U71156
839,Deepika Yadav,P1529,Electronics,4430.63,4430.63,Pending,6420.41,West,Low,U10676
840,Aryan Patel,P1342,Groceries,4412.48,4412.48,Cancelled,11540.16,South,Low,U19757
841,Myra Patel,P1168,Toys,1622.95,1622.95,Completed,3654.87,North,Medium,U13148
842,Geeta Bose,P1641,Toys,4218.49,4218.49,Pending,6303.72,South,Medium,U53724
843,Vikram Bose,P1242,Groceries,3901.17,3901.17,Completed,8735.24,West,Low,U17954
844,Aditya Chauhan,P1320,Groceries,3934.97,3934.97,Pending,4422.92,North,Medium,U66602
845,Arjun Reddy,P1693,Electronics,2840.36,2840.36,Pending,4515.7,West,High,U63884
846,Aadhya Chatterjee,P1613,Electronics,2321.72,2321.72,Pending,4477.25,North,Medium,U98575
847,Vivaan Pandey,P1529,Toys,2980.29,2980.29,Completed,3624.07,North,Low,U35377
848,Sunita Iyer,P1652,Books,1841.42,1841.42,Cancelled,3614.34,West,High,U15776
849,Vihaan Iyer,P1319,Sports,2614.32,2614.32,Pending,6021.85,East,Low,U29087
850,Rohan Agarwal,P1316,Toys,1526.21,1526.21,Cancelled,4487.88,South,High,U83328
851,Vihaan Mishra,P1352,Furniture,4884.9,4884.9,Completed,11142.99,North,Medium,U72354
852,Naveen Pillai,P1478,Toys,4274.84,4274.84,Pending,9114.79,East,Medium,U23742
853,Ramesh Saxena,P1808,Electronics,2530.06,2530.06,Cancelled,7185.14,South,Low,U91778
854,Saanvi Mehta,P1492,Toys,4055.63,4055.63,Pending,7104.75,South,High,U19664
855,Pooja Sharma,P1568,Groceries,797.77,797.77,Cancelled,1500.46,East,High,U36099
856,Diya Kulkarni,P1178,Furniture,4438.37,4438.37,Pending,10819.3,South,High,U33078
857,Anika Tiwari,P1103,Electronics,4174.08,4174.08,Cancelled,5319.81,North,Medium,U49986
858,Ramesh Mehta,P1378,Toys,3338.45,3338.45,Cancelled,9622.49,West,Low,U28931
859,Ishaan Bose,P1194,Furniture,2709.52,2709.52,Pending,6472.25,West,Low,U16054
860,Nikhil Kapoor,P1601,Furniture,4286.73,4286.73,Completed,6808.89,East,High,U46709
861,Ishaan Chatterjee,P1520,Beauty,1125.26,1125.26,Pending,1308.47,North,High,U94550
862,Nikhil Bansal,P1383,Beauty,2642.57,2642.57,Cancelled,3588.6,East,Low,U74853
863,Lakshmi Joshi,P1595,Sports,3226.72,3226.72,Cancelled,8328.97,North,High,U36607
864,Suresh Chatterjee,P1240,Sports,1171.11,1171.11,Pending,2166.61,South,Medium,U21109
865,Ishaan Das,P1086,Books,2278.08,2278.08,Cancelled,3879.91,North,Medium,U54089
866,Manish Pandey,P1478,Sports,2103.87,2103.87,Pending,5489.02,East,Medium,
867,Suresh Mehta,P1271,Groceries,1859.56,1859.56,Cancelled,2166.08,North,Medium,U22898
868,Krishna Gupta,P1368,Electronics,2775.53,2775.53,Cancelled,4628.24,East,Medium,U99592
869,Navya Patel,P1722,Clothing,4992.18,4992.18,Cancelled,12504.25,East,High,U46942
870,Pooja Bose,P1413,Sports,4127.12,4127.12,Completed,10382.23,West,Low,U29566
871,Aryan Mehta,P1232,Furniture,2424.75,2424.75,Cancelled,4926.25,West,Low,U54650
872,Sai Singh,P1866,Furniture,2201.09,2201.09,Pending,6347.63,South,Medium,U83196
873,Vivaan Yadav,P1142,Clothing,1597.3,1597.3,Pending,3954.29,East,Medium,U65799
874,Sanjay Das,P1413,Books,1697.79,1697.79,Completed,1776.7,South,High,U53286
875,Sunita Rao,P1818,Sports,4902.84,4902.84,Pending,6905.21,North,Low,U72230
876,Reyansh Singh,P1583,Beauty,3231.12,3231.12,Completed,5199.81,North,Low,U14202
877,Naveen Kapoor,P1500,Electronics,1014.79,1014.79,Pending,1155.83,East,High,U96451
878,Vikram Gupta,P1465,Electronics,1906.4,1906.4,Pending,1948.52,West,Medium,U24515
879,Ishaan Chopra,P1428,Beauty,3741.4,3741.4,Completed,6652.16,South,High,U97135
880,Lakshmi Nair,P1618,Books,2978.71,2978.71,Cancelled,5972.16,West,Medium,U28702
881,Suresh Gupta,P1844,Sports,3063.76,3063.76,Pending,4576.28,West,Medium,U15122
882,Varun Gupta,P1294,Beauty,1799.23,1799.23,Pending,4831.43,West,Low,U32954
883,Karthik Mehta,P1183,Sports,2343.36,2343.36,Completed,6612.18,North,Medium,U15723
884,Myra Saxena,P1891,Clothing,1441.5,1441.5,Pending,3252.26,North,Low,U38476
885,Deepika Mishra,P1780,Groceries,4977.05,4977.05,Completed,5738.87,East,Medium,U43130
886,Saanvi Bansal,P1045,Beauty,230.92,230.92,Cancelled,525.97,West,Medium,U62342
887,Diya Chauhan,P1038,Electronics,1327.97,1327.97,Completed,3211.3,East,Low,U73538
888,Ramesh Gupta,P1084,Furniture,3596.55,3596.55,Pending,6745.14,East,High,U12367
889,Meena Reddy,P1181,Books,708.34,708.34,Completed,1758.73,North,Low,U98785
890,Navya Iyer,P1451,Toys,971.91,971.91,Cancelled,2360.6,South,Medium,U93203
891,Vikram Rao,P1678,Groceries,2014.03,2014.03,Completed,3255.98,North,High,U36442
892,Myra Yadav,P1930,Furniture,1079.93,1079.93,Completed,1114.57,North,Medium,U99123
893,Vijay Gupta,P1225,Groceries,4004.93,4004.93,Completed,10656.72,South,High,U24114
894,Priya Singh,P1575,Furniture,3160.9,3160.9,Pending,9067.53,West,High,U23878
895,Pooja Singh,P1177,Electronics,2070.48,2070.48,Pending,3380.02,South,Medium,U96240
896,Navya Rao,P1638,Toys,315.3,315.3,Pending,873.67,East,Low,U23344
897,Pranav Chopra,P1810,Clothing,1334.51,1334.51,Pending,1587.39,West,Low,U27423
898,Neha Nair,P1650,Toys,4892.31,4892.31,Completed,11412.49,East,High,U86681
899,Suresh Chauhan,P1523,Furniture,2566.76,2566.76,Completed,6183.99,South,High,U26260
900,Ishita Mehta,P1755,Sports,3810.5,3810.5,Completed,8533.74,South,Medium,U36478
901,Rohan Chauhan,P1209,Electronics,1266.51,1266.51,Pending,3103.73,East,High,U94358
902,Nikhil Verma,P1533,Sports,3275.43,3275.43,Completed,5165.06,South,Low,U41752
903,Saanvi Chopra,P1055,Furniture,4027.11,4027.11,Completed,9635.09,West,Low,U67981
904,Rahul Sharma,P1066,Beauty,442.93,442.93,Cancelled,613.43,South,High,U32764
905,Geeta Chopra,P1851,Furniture,1257.92,1257.92,Cancelled,1454.57,West,Medium,U35891
906,Myra Mishra,P1180,Furniture,1585.19,1585.19,Cancelled,3412.67,South,Medium,U73068
907,Sai Yadav,P1407,Sports,922.05,922.05,Cancelled,1735.99,West,High,U73176
908,Vivaan Das,P1390,Sports,4284.81,4284.81,Pending,10787.94,South,Low,U43723
909,Kavya Pandey,P1313,Beauty,1487.81,1487.81,Pending,3160.53,North,Medium,U71506
910,Diya Iyer,P1938,Furniture,120.48,120.48,Cancelled,328.1,East,Medium,U64502
911,Aryan Menon,P1382,Sports,2498.8,2498.8,Cancelled,5702.51,North,Medium,U26315
912,Kavya Tiwari,P1579,Clothing,1051.72,1051.72,Pending,1969.45,East,Low,U93228
913,Naveen Yadav,P1713,Electronics,3289.44,3289.44,Cancelled,9384.9,South,High,U57371
914,Rahul Pillai,P1692,Electronics,3517.61,3517.61,Pending,8057.67,West,Low,U42429
915,Meena Malhotra,P1974,Clothing,160.45,160.45,Cancelled,407.85,West,Medium,U20531
916,Vikram Tiwari,P1193,Sports,912.54,912.54,Cancelled,1691.61,East,Low,U96309
917,Kavya Malhotra,P1315,Sports,3787.07,3787.07,Completed,10788.0,North,Low,U55140
918,Rohan Joshi,P1766,Furniture,4657.08,4657.08,Pending,8363.84,North,High,U10206
919,Reyansh Gupta,P1792,Sports,2672.31,2672.31,Cancelled,6170.48,West,High,U34431
920,Pranav Iyer,P1202,Beauty,991.72,991.72,Pending,2872.98,South,High,U33950
921,Nikhil Patel,P1265,Sports,2259.58,2259.58,Completed,6385.44,South,High,U59509
922,Krishna Joshi,P1065,Toys,245.37,245.37,Pending,360.59,North,High,U10947
923,Vijay Malhotra,P1808,Electronics,574.53,574.53,Completed,1174.72,West,Low,U44843
924,Deepika Agarwal,P1775,Toys,3061.42,3061.42,Cancelled,5122.06,East,Medium,U57344
925,Vijay Chauhan,P1387,Electronics,4878.99,4878.99,Completed,13398.46,North,Medium,U62665
926,Akash Banerjee,P1909,Clothing,225.83,225.83,Cancelled,281.34,East,Low,U42576
927,Sneha Pandey,P1633,Beauty,2623.08,2623.08,Completed,6086.74,East,High,U15997
928,Varun Singh,P1694,Beauty,1244.44,1244.44,Cancelled,2450.39,North,Medium,U72406
929,Vijay Chatterjee,P1716,Groceries,3697.96,3697.96,Completed,5871.35,South,Low,U76143
930,Aditya Iyer,P1509,Groceries,1576.61,1576.61,Cancelled,3698.92,West,High,U25162
931,Lakshmi Naidu,P1553,Furniture,1292.44,1292.44,Cancelled,1732.99,North,High,U13830
932,Kabir Tiwari,P1951,Toys,4522.98,4522.98,Completed,11454.98,East,Low,U97897
933,Krishna Naidu,P1139,Beauty,543.16,543.16,Completed,1294.66,North,Low,U60023
934,Amit Rao,P1803,Sports,4061.39,4061.39,Completed,5877.24,East,High,U54595
935,Varun Malhotra,P1959,Furniture,3748.63,3748.63,Pending,4619.11,South,Medium,U85617
936,Varun Sharma,P1318,Electronics,2991.29,2991.29,Pending,4127.13,West,Medium,U99037
937,Ishaan Bansal,P1679,Furniture,622.27,622.27,Pending,633.71,East,High,U48905
938,Aadhya Agarwal,P1696,Beauty,822.38,822.38,Cancelled,1288.49,North,Low,U75847
939,Naveen Reddy,P1280,Beauty,3192.28,3192.28,Pending,4569.46,West,High,U53665
940,Rohan Banerjee,P1733,Furniture,4255.54,4255.54,Completed,12208.57,North,High,U61355
941,Ishita Banerjee,P1675,Clothing,4956.21,4956.21,Pending,10387.65,West,Low,U55653
942,Nikhil Chauhan,P1400,Groceries,2686.44,2686.44,Cancelled,4207.18,South,Low,U61612
943,Reyansh Iyer,P1331,Electronics,4264.07,4264.07,Pending,10315.53,South,Low,U73234
944,Riya Saxena,P1148,Furniture,1168.87,1168.87,Cancelled,2918.39,North,Medium,U85455
945,Reyansh Naidu,P1804,Clothing,1945.12,1945.12,Cancelled,5768.06,South,High,U72111
946,Ananya Verma,P1120,Toys,3007.62,3007.62,Cancelled,8840.76,West,High,
947,Myra Chauhan,P1500,Books,3471.12,3471.12,Cancelled,10097.87,West,Low,U97914
948,Vijay Gupta,P1796,Beauty,4337.99,4337.99,Pending,9980.07,West,Medium,
949,Krishna Gupta,P1124,Beauty,3242.91,3242.91,Completed,9135.14,North,Low,U85055
950,Lakshmi Joshi,P1710,Groceries,3992.28,3992.28,Pending,5438.26,West,Medium,U23033
951,Priya Gupta,P1730,Clothing,2086.12,2086.12,Pending,5009.78,West,High,U86640
952,Rajesh Pillai,P1838,Groceries,3792.19,3792.19,Cancelled,5365.67,North,High,U33584
953,Aarav Chopra,P1457,Toys,702.92,702.92,Completed,884.01,South,High,U14588
954,Sai Reddy,P1518,Books,1881.44,1881.44,Pending,3930.05,North,High,U78084
955,Riya Naidu,P1546,Beauty,785.29,785.29,Pending,1555.57,East,Low,U37504
956,Naveen Reddy,P1678,Electronics,1261.79,1261.79,Pending,1736.41,South,High,U38316
957,Geeta Yadav,P1284,Clothing,3672.61,3672.61,Cancelled,6772.4,East,Medium,U31406
958,Aryan Pandey,P1085,Books,3414.98,3414.98,Completed,9836.5,South,High,U45310
959,Rahul Pillai,P1661,Furniture,3600.78,3600.78,Cancelled,7659.88,South,Medium,U51465
960,Manish Chauhan,P1026,Furniture,479.87,479.87,Completed,599.47,West,High,U21662
961,Sneha Tiwari,P1341,Books,817.02,817.02,Pending,2121.14,North,High,U39127
962,Kavya Reddy,P1801,Groceries,961.08,961.08,Pending,2361.04,West,High,U84993
963,Riya Chopra,P1277,Groceries,4493.19,4493.19,Pending,6027.59,South,Medium,U98842
964,Rajesh Chopra,P1608,Sports,2436.62,2436.62,Completed,3058.31,South,Low,U59650
965,Sunita Menon,P1273,Electronics,4600.36,4600.36,Pending,10481.4,South,Low,U70003
966,Ananya Pandey,P1362,Beauty,2560.92,2560.92,Pending,3973.64,South,Medium,U21395
967,Ishita Mishra,P1789,Toys,4241.7,4241.7,Completed,9625.92,South,High,U17525
968,Sai Menon,P1292,Beauty,4060.9,4060.9,Pending,4147.76,South,Medium,U99800
969,Sanjay Saxena,P1545,Groceries,2086.81,2086.81,Cancelled,4658.96,North,Low,U80035
970,Varun Yadav,P1250,Electronics,3076.13,3076.13,Cancelled,9010.89,South,High,U27474
971,Sandeep Yadav,P1975,Electronics,2171.34,2171.34,Pending,3817.63,North,Medium,U42737
972,Rajesh Chatterjee,P1784,Groceries,1521.32,1521.32,Pending,2991.29,South,High,U84559
973,Aryan Patel,P1945,Books,4652.63,4652.63,Cancelled,13577.63,North,Medium,U73998
974,Vihaan Yadav,P1006,Beauty,1709.9,1709.9,Completed,2920.14,East,Low,U56469
975,Aarav Reddy,P1441,Beauty,1067.97,1067.97,Completed,2198.09,West,High,U10905
976,Rohan Das,P1672,Books,1207.87,1207.87,Pending,2162.95,East,Medium,U80310
977,Navya Reddy,P1449,Beauty,892.99,892.99,Pending,1524.76,North,Medium,U36013
978,Krishna Patel,P1291,Electronics,755.03,755.03,Pending,1390.85,North,High,U72822
979,Vijay Joshi,P1121,Sports,2496.43,2496.43,Cancelled,4970.73,South,Medium,U62412
980,Sandeep Menon,P1945,Sports,743.95,743.95,Completed,2168.88,South,High,U11788
981,Siddharth Naidu,P1242,Electronics,3423.72,3423.72,Cancelled,5766.51,North,Medium,U46991
982,Deepika Gupta,P1779,Sports,1313.96,1313.96,Cancelled,1714.71,South,High,U25075
983,Anika Pillai,P1253,Sports,1072.22,1072.22,Completed,2587.18,South,High,U87489
984,Rahul Rao,P1152,Furniture,690.26,690.26,Pending,1244.24,South,High,U90801
985,Diya Gupta,P1885,Electronics,1963.73,1963.73,Cancelled,4025.53,South,High,U72809
986,Vihaan Bansal,P1437,Electronics,1591.02,1591.02,Pending,2447.77,East,Low,U51922
987,Vihaan Nair,P1041,Electronics,355.44,355.44,Completed,884.87,East,Medium,U89498
988,Reyansh Mishra,P1189,Books,4746.81,4746.81,Pending,8198.51,North,High,U99517
989,Anil Das,P1882,Clothing,1722.94,1722.94,Pending,4277.34,East,High,U37529
990,Geeta Chauhan,P1089,Groceries,739.38,739.38,Completed,1837.49,North,Low,U95767
991,Diya Patel,P1721,Beauty,4634.95,4634.95,Cancelled,5329.08,East,Medium,U36476
992,Rajesh Menon,P1157,Electronics,726.38,726.38,Cancelled,1333.94,East,Low,U57973
993,Suresh Rao,P1734,Groceries,4563.16,4563.16,Pending,5181.09,North,High,U26899
994,Riya Verma,P1978,Electronics,3992.51,3992.51,Cancelled,9532.54,West,Medium,U77303
995,Arjun Nair,P1448,Sports,2856.24,2856.24,Cancelled,5085.52,East,High,U30971
996,Sunita Patel,P1606,Electronics,4407.86,4407.86,Pending,11377.98,East,Medium,U48844
997,Pranav Joshi,P1565,Groceries,938.43,938.43,Completed,1024.04,East,High,U46406
998,Ishaan Joshi,P1894,Electronics,3247.82,3247.82,Completed,4865.29,North,High,U92927
999,Meena Yadav,P1332,Groceries,4737.5,4737.5,Pending,13113.27,South,Medium,U48652
1000,Priya Verma,P1640,Electronics,4137.27,4137.27,Pending,5951.71,South,Medium,U80436
