order_id,customer_id,order_date,status,region_code
1,229,2025-04-22 00:58:07,SHIPPED,EAST
2,600,2025-04-01 19:01:13,DELIVERED,CENTRAL
3,595,2025-12-23 15:46:43,DELIVERED,WEST
4,543,2025-10-28 20:52:37,DELIVERED,SOUTH
5,206,2025-12-12 01:54:53,SHIPPED,SOUTH
6,324,2026-03-31 20:11:17,SHIPPED,EAST
7,,2025-04-08 10:27:42,DELIVERED,SOUTH
8,173,2026-03-14 19:18:31,RETURNED,NORTH
9,133,2026-04-23 07:40:59,SHIPPED,WEST
10,393,02-10-2024,SHIPPED,NORTH
11,330,2026-04-04 22:22:28,CANCELLED,SOUTH
12,232,2025-06-18 22:17:24,SHIPPED,CENTRAL
13,,2024-09-16 10:57:50,DELIVERED,WEST
14,533,2025-09-22 05:08:27,CANCELLED,SOUTH
15,351,2026-02-21 17:35:34,SHIPPED,NORTH
16,234,2025-04-07 05:39:11,RETURNED,NORTH
17,517,2024-09-19 12:12:28,DELIVERED,WEST
18,262,2026-06-24 16:18:26,DELIVERED,NORTH
19,21,2025-12-11 17:34:59,SHIPPED,NORTH
20,561,2026-02-16 01:50:44,CANCELLED,NORTH
21,309,2025-05-19 21:36:45,DELIVERED,CENTRAL
22,141,2025-12-13 15:44:20,RETURNED,CENTRAL
23,121,2025-03-15 04:04:20,DELIVERED,CENTRAL
24,205,2025-09-02 06:33:42,SHIPPED,WEST
25,303,26-11-2024,DELIVERED,WEST
26,339,30-12-2024,DELIVERED,CENTRAL
27,506,2026-01-26 22:07:38,DELIVERED,NORTH
28,263,2024-12-25 02:16:48,DELIVERED,WEST
29,52,2025-05-15 12:34:22,DELIVERED,EAST
30,321,2026-04-05 21:07:34,RETURNED,NORTH
31,10,2024-08-02 23:43:07,SHIPPED,WEST
32,275,2025-11-04 02:22:08,DELIVERED,WEST
33,410,2026-02-26 04:59:45,SHIPPED,WEST
34,171,2025-10-11 21:45:48,DELIVERED,NORTH
35,427,2026-03-15 10:11:30,SHIPPED,SOUTH
36,,2026-04-15 14:20:15,CANCELLED,SOUTH
37,495,2026-02-03 13:38:02,DELIVERED,NORTH
38,268,2026-05-07 17:35:32,CANCELLED,CENTRAL
39,591,2025-03-17 22:45:46,DELIVERED,CENTRAL
40,536,2026-06-15 02:24:19,DELIVERED,WEST
41,355,2026-01-06 22:37:12,PLACED,NORTH
42,12,2024-10-19 18:40:35,SHIPPED,SOUTH
43,77,2026-02-02 17:57:52,DELIVERED,NORTH
44,520,2024-12-11 23:06:03,DELIVERED,NORTH
45,471,2026-01-25 00:16:50,SHIPPED,WEST
46,324,2024-08-31 04:51:21,DELIVERED,NORTH
47,414,02-10-2025,DELIVERED,CENTRAL
48,312,2026-02-28 16:12:16,SHIPPED,EAST
49,373,2024-03-25 07:31:35,DELIVERED,CENTRAL
50,485,2026-02-14 04:18:04,RETURNED,SOUTH
51,3,2025-12-03 13:40:44,DELIVERED,CENTRAL
52,,2025-10-04 09:49:17,DELIVERED,WEST
53,144,2026-05-27 14:02:44,DELIVERED,EAST
54,201,2025-01-30 08:07:29,DELIVERED,WEST
55,196,2026-02-15 11:32:16,CANCELLED,CENTRAL
56,127,2025-11-29 22:00:51,SHIPPED,SOUTH
57,,2024-11-17 08:51:33,SHIPPED,CENTRAL
58,495,2026-02-11 10:00:21,CANCELLED,CENTRAL
59,178,2025-06-07 17:12:35,PLACED,EAST
60,517,2025-08-20 13:15:45,CANCELLED,SOUTH
61,281,2025-10-08 00:50:03,SHIPPED,SOUTH
62,142,2025-10-03 04:15:59,PLACED,EAST
63,561,2026-06-14 03:11:16,PLACED,SOUTH
64,206,2025-10-21 10:39:50,DELIVERED,SOUTH
65,183,2026-02-26 18:30:32,RETURNED,NORTH
66,361,2026-01-25 08:49:53,CANCELLED,WEST
67,547,2025-03-20 04:10:03,DELIVERED,CENTRAL
68,110,2025-11-14 19:33:12,DELIVERED,SOUTH
69,274,2025-08-07 00:03:11,DELIVERED,NORTH
70,,2024-12-30 10:51:08,SHIPPED,NORTH
71,576,2024-12-14 10:47:07,DELIVERED,CENTRAL
72,295,2024-07-05 23:32:12,CANCELLED,EAST
73,566,24-03-2024,PLACED,WEST
74,231,2025-09-28 06:22:57,PLACED,SOUTH
75,199,2025-08-08 11:52:12,DELIVERED,SOUTH
76,,2026-04-03 02:47:58,DELIVERED,CENTRAL
77,271,2024-10-25 00:36:57,DELIVERED,EAST
78,478,20-12-2025,PLACED,NORTH
79,309,2025-07-13 00:31:56,DELIVERED,EAST
80,539,2025-10-01 20:23:20,SHIPPED,SOUTH
81,426,2026-04-23 15:29:44,DELIVERED,SOUTH
82,340,2025-05-29 07:03:18,RETURNED,CENTRAL
83,544,2026-01-07 15:57:32,CANCELLED,NORTH
84,118,2026-06-08 13:55:00,CANCELLED,CENTRAL
85,250,2024-06-30 22:43:53,DELIVERED,WEST
86,,2026-04-19 05:30:24,PLACED,EAST
87,,2026-03-01 07:02:15,CANCELLED,SOUTH
88,329,2026-02-08 03:41:29,RETURNED,CENTRAL
89,547,2024-01-12 09:18:14,CANCELLED,SOUTH
90,435,2024-06-10 10:40:20,RETURNED,WEST
91,74,15-09-2024,DELIVERED,NORTH
92,76,2024-03-25 07:15:37,DELIVERED,CENTRAL
93,234,2025-05-03 21:32:50,SHIPPED,WEST
94,324,2024-06-13 02:52:13,DELIVERED,CENTRAL
95,65,28-06-2026,SHIPPED,CENTRAL
96,109,2025-09-10 02:56:44,DELIVERED,EAST
97,449,2025-08-15 12:07:43,SHIPPED,SOUTH
98,547,2024-12-07 13:11:18,PLACED,EAST
99,148,2025-07-23 00:21:06,RETURNED,EAST
100,12,2026-06-27 20:52:38,DELIVERED,NORTH
101,587,2025-11-25 10:27:11,DELIVERED,EAST
102,216,2026-02-27 05:15:33,DELIVERED,WEST
103,525,2024-09-17 15:33:21,DELIVERED,SOUTH
104,118,2025-05-25 20:45:28,DELIVERED,CENTRAL
105,473,2026-05-03 20:58:55,DELIVERED,NORTH
106,203,2026-06-20 22:10:29,DELIVERED,SOUTH
107,103,2025-05-14 22:40:59,DELIVERED,WEST
108,462,2025-09-07 01:37:44,PLACED,SOUTH
109,580,2026-05-30 14:08:35,SHIPPED,SOUTH
110,5,2025-05-01 13:29:36,RETURNED,WEST
111,284,2026-06-19 06:23:35,DELIVERED,WEST
112,474,2026-03-15 23:02:13,PLACED,NORTH
113,180,2024-08-13 08:12:02,DELIVERED,CENTRAL
114,202,2025-03-07 11:02:58,RETURNED,NORTH
115,20,2026-02-26 20:58:40,PLACED,WEST
116,218,27-04-2026,PLACED,WEST
117,153,2025-07-22 06:42:25,PLACED,EAST
118,138,2026-04-29 22:39:25,SHIPPED,CENTRAL
119,11,2026-05-29 08:36:40,PLACED,SOUTH
120,527,2024-08-06 01:23:55,PLACED,SOUTH
121,496,11-07-2025,DELIVERED,NORTH
122,271,2025-04-28 22:46:15,PLACED,EAST
123,398,2026-03-08 14:43:27,DELIVERED,EAST
124,106,2026-02-25 14:35:40,DELIVERED,EAST
125,593,2026-05-27 19:25:14,SHIPPED,EAST
126,80,2025-12-12 07:17:40,DELIVERED,CENTRAL
127,416,2025-11-23 02:29:44,SHIPPED,CENTRAL
128,7,2026-04-04 13:50:19,DELIVERED,NORTH
129,527,2025-03-12 05:20:14,SHIPPED,CENTRAL
130,122,2026-02-03 11:58:37,RETURNED,NORTH
131,494,2025-11-27 11:11:19,DELIVERED,WEST
132,23,13-01-2025,DELIVERED,SOUTH
133,525,2024-06-29 10:34:14,DELIVERED,EAST
134,185,2026-05-16 15:26:24,PLACED,NORTH
135,291,2024-09-06 04:56:09,SHIPPED,WEST
136,175,2025-06-05 09:14:16,PLACED,SOUTH
137,524,2025-11-19 17:30:41,SHIPPED,CENTRAL
138,71,2025-03-20 12:02:22,DELIVERED,SOUTH
139,536,2026-05-01 20:58:17,PLACED,NORTH
140,182,2025-08-12 14:50:40,PLACED,CENTRAL
141,121,2024-05-24 18:22:25,PLACED,CENTRAL
142,2,2026-06-19 08:21:23,SHIPPED,CENTRAL
143,431,2026-01-25 16:20:09,SHIPPED,SOUTH
144,494,2026-02-24 06:22:58,RETURNED,CENTRAL
145,101,2025-11-10 23:23:40,DELIVERED,NORTH
146,,2026-01-20 19:27:12,RETURNED,NORTH
147,,2026-03-19 20:51:48,CANCELLED,SOUTH
148,324,2025-04-13 13:25:28,CANCELLED,CENTRAL
149,260,2025-04-07 22:04:40,SHIPPED,CENTRAL
150,283,2025-09-09 10:09:52,PLACED,WEST
151,184,2025-12-05 02:32:23,DELIVERED,CENTRAL
152,353,2025-11-18 05:40:35,CANCELLED,NORTH
153,236,2025-11-24 18:15:49,DELIVERED,SOUTH
154,521,2026-01-02 02:59:47,PLACED,NORTH
155,,2026-02-11 02:42:32,DELIVERED,SOUTH
156,483,2026-04-30 04:01:25,SHIPPED,NORTH
157,39,2025-09-01 00:42:43,CANCELLED,CENTRAL
158,294,2024-03-30 06:22:37,CANCELLED,WEST
159,450,2025-06-17 03:49:41,PLACED,EAST
160,200,2024-07-16 02:31:25,CANCELLED,SOUTH
161,174,2025-06-04 00:13:41,DELIVERED,NORTH
162,283,2025-09-12 11:58:02,PLACED,SOUTH
163,531,2025-01-31 22:27:09,DELIVERED,CENTRAL
164,292,2026-05-18 13:16:32,DELIVERED,SOUTH
165,200,2025-06-08 05:19:20,DELIVERED,SOUTH
166,417,2026-01-10 04:57:43,DELIVERED,EAST
167,120,2026-03-08 08:42:52,PLACED,EAST
168,454,2026-02-19 10:38:34,RETURNED,EAST
169,470,2025-12-16 16:54:10,SHIPPED,NORTH
170,265,2024-07-15 11:18:09,DELIVERED,SOUTH
171,324,2025-04-16 08:10:38,DELIVERED,EAST
172,255,2025-01-20 03:27:57,DELIVERED,NORTH
173,568,2026-05-16 10:29:03,DELIVERED,CENTRAL
174,276,2024-10-10 22:41:53,DELIVERED,WEST
175,205,2025-08-11 10:07:59,DELIVERED,SOUTH
176,208,2025-12-07 23:19:48,RETURNED,NORTH
177,123,2024-05-13 22:13:43,PLACED,NORTH
178,555,2024-03-06 15:41:00,DELIVERED,WEST
179,589,2025-11-15 16:41:50,PLACED,EAST
180,408,2024-12-11 00:13:08,PLACED,WEST
181,490,20-04-2026,CANCELLED,SOUTH
182,469,2024-08-14 23:39:03,CANCELLED,NORTH
183,13,2024-11-23 09:25:06,SHIPPED,CENTRAL
184,266,2025-01-05 08:46:27,SHIPPED,CENTRAL
185,352,2025-07-22 10:38:28,SHIPPED,EAST
186,374,2026-01-01 03:35:14,DELIVERED,CENTRAL
187,235,2025-05-24 13:42:24,PLACED,WEST
188,391,2026-02-07 03:26:29,DELIVERED,WEST
189,10,2024-10-01 08:23:47,CANCELLED,CENTRAL
190,547,2025-05-05 11:09:53,PLACED,CENTRAL
191,49,2026-03-28 17:22:29,DELIVERED,EAST
192,488,2025-08-12 19:11:50,SHIPPED,EAST
193,574,2026-01-23 00:23:40,DELIVERED,WEST
194,125,2025-07-26 16:48:03,DELIVERED,CENTRAL
195,590,2025-01-09 03:16:45,DELIVERED,CENTRAL
196,500,2025-11-25 06:45:44,DELIVERED,WEST
197,149,2025-10-03 01:55:01,SHIPPED,CENTRAL
198,586,2025-09-20 19:01:14,DELIVERED,EAST
199,234,2025-06-15 11:43:45,DELIVERED,CENTRAL
200,405,2025-04-22 08:51:43,SHIPPED,CENTRAL
201,534,2025-12-13 11:58:40,DELIVERED,SOUTH
202,241,2025-10-16 11:02:24,DELIVERED,SOUTH
203,171,2026-01-30 04:43:59,SHIPPED,CENTRAL
204,56,2024-02-15 22:57:18,DELIVERED,NORTH
205,269,2026-01-13 02:15:34,SHIPPED,EAST
206,235,2025-09-16 03:48:19,DELIVERED,SOUTH
207,540,12-01-2026,DELIVERED,WEST
208,479,2026-06-19 18:26:17,DELIVERED,CENTRAL
209,182,2025-11-09 21:53:12,CANCELLED,CENTRAL
210,446,2026-04-01 03:59:45,DELIVERED,WEST
211,553,2025-09-04 04:59:25,SHIPPED,WEST
212,,2024-11-01 22:47:07,RETURNED,SOUTH
213,,2025-08-23 17:38:08,SHIPPED,WEST
214,307,2024-04-01 04:29:16,PLACED,SOUTH
215,8,2026-05-01 14:49:55,PLACED,WEST
216,405,2025-03-20 04:48:09,SHIPPED,WEST
217,226,2025-01-31 06:18:27,PLACED,CENTRAL
218,279,2025-07-22 05:31:20,DELIVERED,WEST
219,193,2024-04-16 08:31:16,CANCELLED,WEST
220,464,2025-11-09 16:28:26,DELIVERED,NORTH
221,,2025-09-16 06:36:15,DELIVERED,EAST
222,276,2024-07-13 05:47:57,DELIVERED,NORTH
223,155,2025-12-30 20:37:21,DELIVERED,WEST
224,,2025-06-05 03:42:17,DELIVERED,SOUTH
225,58,2025-12-16 23:59:12,SHIPPED,SOUTH
226,197,2026-06-01 15:25:45,DELIVERED,NORTH
227,255,2025-04-05 21:09:09,RETURNED,NORTH
228,204,2026-05-28 23:17:24,CANCELLED,SOUTH
229,485,2026-03-06 05:46:39,DELIVERED,SOUTH
230,44,2026-06-20 10:40:20,DELIVERED,WEST
231,306,2025-10-12 08:28:37,CANCELLED,SOUTH
232,116,2025-01-01 13:26:38,DELIVERED,EAST
233,599,2024-07-04 20:51:36,DELIVERED,CENTRAL
234,487,2025-07-29 09:15:33,DELIVERED,WEST
235,94,2026-03-06 09:28:02,RETURNED,NORTH
236,62,2025-07-06 06:39:34,DELIVERED,SOUTH
237,500,2024-12-27 10:44:20,CANCELLED,EAST
238,450,2026-03-24 17:48:54,SHIPPED,SOUTH
239,257,2025-05-04 16:07:11,DELIVERED,CENTRAL
240,502,2024-10-21 19:21:21,DELIVERED,WEST
241,282,2026-05-11 10:00:56,SHIPPED,EAST
242,,2025-07-13 16:16:00,CANCELLED,CENTRAL
243,,2026-03-28 22:11:08,SHIPPED,CENTRAL
244,245,2025-06-12 04:20:32,PLACED,WEST
245,195,2026-06-23 02:44:13,DELIVERED,CENTRAL
246,290,2025-05-16 03:24:04,DELIVERED,CENTRAL
247,69,2024-12-02 00:04:02,DELIVERED,SOUTH
248,,2026-05-12 11:58:44,CANCELLED,WEST
249,502,2026-03-27 20:02:28,DELIVERED,EAST
250,227,20-04-2024,CANCELLED,WEST
251,82,2025-11-06 13:15:17,PLACED,WEST
252,378,2024-03-31 13:34:56,DELIVERED,NORTH
253,312,2024-05-01 01:38:28,DELIVERED,NORTH
254,237,2026-01-28 22:52:49,CANCELLED,SOUTH
255,584,2024-10-04 21:47:48,RETURNED,NORTH
256,591,2025-10-12 01:50:29,SHIPPED,NORTH
257,171,2025-11-07 01:25:03,CANCELLED,SOUTH
258,547,2025-11-19 04:41:26,PLACED,EAST
259,381,2025-04-26 06:38:09,RETURNED,EAST
260,247,2025-10-12 09:46:41,PLACED,EAST
261,369,2025-08-28 09:24:43,RETURNED,NORTH
262,292,2024-01-26 07:47:57,DELIVERED,NORTH
263,308,2024-12-10 16:32:09,RETURNED,EAST
264,567,2026-05-11 05:34:57,DELIVERED,NORTH
265,39,2025-12-28 03:49:49,SHIPPED,CENTRAL
266,256,2025-03-13 23:19:32,PLACED,WEST
267,583,2024-12-03 18:38:57,SHIPPED,SOUTH
268,500,2026-06-14 03:30:11,CANCELLED,EAST
269,39,2026-06-26 05:24:48,RETURNED,EAST
270,357,2025-11-05 16:02:29,RETURNED,SOUTH
271,12,05-10-2025,DELIVERED,CENTRAL
272,579,2024-08-20 08:44:50,DELIVERED,NORTH
273,403,2025-11-23 05:46:38,DELIVERED,SOUTH
274,443,2025-11-17 01:56:49,DELIVERED,NORTH
275,488,2025-07-07 07:13:31,SHIPPED,CENTRAL
276,445,2025-12-11 15:11:04,DELIVERED,WEST
277,405,2024-12-26 15:06:42,PLACED,SOUTH
278,249,2024-12-13 15:32:26,CANCELLED,CENTRAL
279,92,2024-06-23 19:25:03,DELIVERED,SOUTH
280,,2025-09-29 14:24:35,DELIVERED,SOUTH
281,359,2025-12-11 22:47:15,DELIVERED,SOUTH
282,383,2024-09-30 03:53:13,DELIVERED,NORTH
283,249,2026-02-13 08:19:28,DELIVERED,NORTH
284,352,2024-06-21 20:44:39,DELIVERED,SOUTH
285,551,2024-11-25 03:17:03,DELIVERED,CENTRAL
286,495,2026-03-27 23:10:20,CANCELLED,NORTH
287,386,2025-06-26 18:33:48,DELIVERED,CENTRAL
288,278,2025-10-15 14:47:25,DELIVERED,WEST
289,278,2026-06-09 11:26:12,DELIVERED,NORTH
290,300,2026-03-29 09:54:04,PLACED,NORTH
291,324,2025-06-11 10:45:26,DELIVERED,SOUTH
292,513,2026-04-14 10:57:55,DELIVERED,SOUTH
293,543,2025-10-31 10:07:49,DELIVERED,NORTH
294,356,2026-03-24 18:14:38,DELIVERED,CENTRAL
295,283,2024-04-06 07:53:20,DELIVERED,CENTRAL
296,287,2025-02-15 05:09:58,CANCELLED,SOUTH
297,90,2025-08-16 17:42:51,CANCELLED,SOUTH
298,428,2026-01-29 08:19:30,DELIVERED,CENTRAL
299,338,2025-09-06 21:07:13,DELIVERED,CENTRAL
300,555,2024-11-10 06:40:19,RETURNED,CENTRAL
301,139,2025-10-30 01:57:32,DELIVERED,CENTRAL
302,162,2026-03-16 07:16:45,RETURNED,NORTH
303,189,2025-02-10 16:26:53,DELIVERED,EAST
304,424,2025-08-06 10:17:18,CANCELLED,EAST
305,156,2026-06-26 13:48:42,DELIVERED,CENTRAL
306,274,2026-06-18 10:26:57,DELIVERED,NORTH
307,368,2024-08-31 11:03:31,SHIPPED,CENTRAL
308,481,2026-01-09 11:06:30,SHIPPED,SOUTH
309,168,2025-05-06 02:37:27,DELIVERED,EAST
310,423,2026-03-08 10:21:20,RETURNED,SOUTH
311,68,2024-10-02 01:57:13,PLACED,WEST
312,333,2026-01-29 18:30:40,RETURNED,NORTH
313,390,2025-11-23 00:49:55,PLACED,CENTRAL
314,550,2026-01-01 23:00:24,DELIVERED,CENTRAL
315,112,2025-12-02 13:13:33,DELIVERED,CENTRAL
316,,2025-09-06 13:27:15,SHIPPED,CENTRAL
317,51,2025-09-07 17:32:00,DELIVERED,EAST
318,473,2024-09-15 15:04:13,DELIVERED,CENTRAL
319,146,2025-12-21 03:28:33,RETURNED,CENTRAL
320,116,2024-10-06 06:21:47,CANCELLED,CENTRAL
321,139,2025-09-02 14:35:21,DELIVERED,WEST
322,207,2026-05-13 13:57:16,CANCELLED,SOUTH
323,127,2025-02-23 19:55:40,SHIPPED,NORTH
324,537,2026-06-01 08:38:18,PLACED,CENTRAL
325,,2026-03-05 01:32:26,DELIVERED,EAST
326,580,2024-08-21 03:45:03,RETURNED,NORTH
327,430,2025-04-23 13:23:29,SHIPPED,EAST
328,186,2024-07-01 14:43:47,DELIVERED,CENTRAL
329,260,2024-03-16 23:08:18,PLACED,NORTH
330,506,2026-03-02 09:11:13,SHIPPED,WEST
331,,2024-05-03 08:25:47,PLACED,EAST
332,,2026-02-12 00:10:14,DELIVERED,NORTH
333,,2024-02-27 01:03:36,PLACED,CENTRAL
334,,2026-01-23 04:21:28,SHIPPED,SOUTH
335,166,2025-11-05 00:40:29,CANCELLED,CENTRAL
336,587,2026-04-22 12:28:37,RETURNED,CENTRAL
337,369,2024-10-08 20:06:24,SHIPPED,WEST
338,70,2026-02-18 02:23:00,DELIVERED,WEST
339,138,2025-08-06 18:40:40,PLACED,WEST
340,538,2025-01-27 23:36:08,DELIVERED,CENTRAL
341,542,2025-09-20 01:08:28,RETURNED,EAST
342,438,2026-05-17 10:50:34,PLACED,CENTRAL
343,363,2024-07-20 12:03:22,RETURNED,WEST
344,505,2025-10-05 17:42:49,DELIVERED,SOUTH
345,2,20-08-2025,DELIVERED,SOUTH
346,425,17-05-2026,CANCELLED,SOUTH
347,12,2024-12-27 12:48:00,DELIVERED,EAST
348,308,2026-02-26 02:45:30,DELIVERED,EAST
349,350,2026-01-02 14:53:40,DELIVERED,SOUTH
350,199,2025-09-05 17:14:34,SHIPPED,WEST
351,37,2025-10-11 11:49:47,SHIPPED,CENTRAL
352,344,2025-12-19 10:08:02,RETURNED,NORTH
353,534,2025-04-23 00:20:37,PLACED,CENTRAL
354,20,2024-11-19 12:35:15,SHIPPED,NORTH
355,153,2025-03-11 16:18:27,SHIPPED,CENTRAL
356,170,2025-12-20 11:52:09,DELIVERED,EAST
357,323,2024-02-28 03:11:07,DELIVERED,EAST
358,463,2025-04-15 02:48:57,DELIVERED,EAST
359,39,2024-11-21 22:46:29,DELIVERED,WEST
360,513,2024-12-28 08:26:09,RETURNED,CENTRAL
361,318,2025-05-23 12:02:36,PLACED,SOUTH
362,211,04-02-2026,PLACED,NORTH
363,5,2025-04-28 02:13:25,PLACED,NORTH
364,342,2025-11-17 15:11:51,RETURNED,EAST
365,24,2025-09-03 14:29:44,DELIVERED,EAST
366,206,2025-10-14 18:39:19,RETURNED,WEST
367,121,2025-02-27 13:17:08,DELIVERED,CENTRAL
368,574,2025-12-20 06:47:07,PLACED,EAST
369,278,2025-11-18 23:24:18,PLACED,SOUTH
370,176,2024-07-17 16:07:36,PLACED,WEST
371,52,08-06-2025,DELIVERED,NORTH
372,393,2024-11-09 18:54:08,RETURNED,CENTRAL
373,457,2025-07-06 10:38:07,RETURNED,CENTRAL
374,81,2025-12-24 10:22:53,CANCELLED,WEST
375,100,2025-11-11 20:42:16,RETURNED,WEST
376,482,2025-02-13 22:11:10,PLACED,EAST
377,373,2025-09-01 01:41:13,DELIVERED,EAST
378,465,11-04-2026,DELIVERED,WEST
379,473,2024-09-22 07:56:35,PLACED,SOUTH
380,521,2025-05-15 22:47:43,DELIVERED,EAST
381,570,2026-01-26 10:39:06,SHIPPED,WEST
382,424,2025-03-25 07:21:56,SHIPPED,WEST
383,68,2025-06-13 06:44:40,SHIPPED,WEST
384,581,2026-04-25 21:32:34,CANCELLED,NORTH
385,588,2026-03-31 22:53:34,DELIVERED,CENTRAL
386,100,2025-11-03 19:25:55,DELIVERED,CENTRAL
387,112,2025-08-11 14:49:35,DELIVERED,NORTH
388,223,2024-08-03 19:11:28,CANCELLED,NORTH
389,151,2024-12-06 19:11:30,PLACED,CENTRAL
390,458,2025-01-24 23:29:24,DELIVERED,CENTRAL
391,312,2025-11-06 07:47:54,DELIVERED,CENTRAL
392,9,2026-02-07 11:30:24,DELIVERED,EAST
393,64,2026-02-02 09:24:24,DELIVERED,CENTRAL
394,368,2024-10-17 09:50:58,DELIVERED,WEST
395,404,2025-05-09 04:38:44,SHIPPED,CENTRAL
396,217,2025-12-27 13:39:47,PLACED,WEST
397,369,2026-06-25 10:02:21,CANCELLED,SOUTH
398,,2025-05-13 00:17:27,RETURNED,WEST
399,448,2025-02-25 11:02:36,SHIPPED,WEST
400,436,2024-10-06 07:19:55,SHIPPED,WEST
401,364,2024-12-16 16:13:53,PLACED,WEST
402,243,2026-02-18 09:48:20,PLACED,EAST
403,35,2024-02-28 19:42:38,DELIVERED,CENTRAL
404,494,2025-12-09 07:48:07,PLACED,EAST
405,477,2025-09-07 12:38:17,DELIVERED,SOUTH
406,484,2026-06-13 22:12:13,DELIVERED,CENTRAL
407,594,2025-04-30 10:50:02,PLACED,NORTH
408,481,2026-03-12 15:49:17,RETURNED,EAST
409,432,2026-04-08 01:24:06,DELIVERED,SOUTH
410,37,2025-11-18 20:41:33,RETURNED,CENTRAL
411,267,2024-08-20 16:54:36,PLACED,NORTH
412,299,2024-02-12 09:44:47,SHIPPED,NORTH
413,285,2024-12-29 18:34:14,DELIVERED,NORTH
414,115,2026-04-14 00:02:57,DELIVERED,WEST
415,379,2026-05-12 11:14:31,DELIVERED,WEST
416,186,2026-03-30 06:28:53,DELIVERED,SOUTH
417,158,2026-02-09 10:17:30,SHIPPED,SOUTH
418,451,2024-09-19 20:46:19,DELIVERED,NORTH
419,271,2026-02-22 19:14:28,SHIPPED,WEST
420,488,2026-01-19 01:53:25,PLACED,SOUTH
421,389,2026-03-09 10:46:28,DELIVERED,CENTRAL
422,446,2024-01-27 10:17:10,SHIPPED,EAST
423,543,2026-03-27 04:52:06,PLACED,EAST
424,443,2025-11-03 17:27:25,DELIVERED,EAST
425,599,2025-08-30 15:16:09,DELIVERED,CENTRAL
426,200,2025-07-28 20:36:49,DELIVERED,EAST
427,561,2025-12-31 01:17:49,DELIVERED,WEST
428,101,2026-04-14 23:16:16,DELIVERED,EAST
429,258,22-02-2025,DELIVERED,CENTRAL
430,223,2024-07-08 04:39:54,PLACED,SOUTH
431,385,2025-01-21 00:40:23,DELIVERED,EAST
432,479,2024-06-27 14:49:44,DELIVERED,WEST
433,332,2024-12-26 21:06:06,RETURNED,NORTH
434,392,2025-08-26 15:42:04,DELIVERED,SOUTH
435,452,2024-11-26 21:40:53,PLACED,WEST
436,183,2026-02-08 09:13:32,SHIPPED,SOUTH
437,109,2026-01-05 23:40:46,DELIVERED,NORTH
438,,2025-01-24 06:54:32,SHIPPED,SOUTH
439,1,2024-02-28 18:36:52,CANCELLED,EAST
440,401,11-06-2026,RETURNED,WEST
441,490,2025-11-08 09:24:29,DELIVERED,CENTRAL
442,232,2024-01-06 03:18:26,RETURNED,WEST
443,125,2026-01-10 14:11:32,DELIVERED,EAST
444,411,2024-03-26 17:48:23,DELIVERED,EAST
445,548,2026-05-04 19:26:57,SHIPPED,EAST
446,208,2025-11-09 14:12:06,CANCELLED,SOUTH
447,307,2025-11-14 00:09:29,SHIPPED,WEST
448,87,2025-11-11 09:13:03,DELIVERED,NORTH
449,245,2026-02-28 23:54:41,CANCELLED,EAST
450,512,2026-04-09 10:43:39,DELIVERED,NORTH
451,348,2024-08-05 12:55:50,SHIPPED,NORTH
452,217,2026-04-18 21:30:12,CANCELLED,CENTRAL
453,153,2026-06-18 23:34:25,RETURNED,SOUTH
454,501,2024-05-22 14:43:13,DELIVERED,SOUTH
455,,2024-01-23 07:34:25,DELIVERED,NORTH
456,468,2026-01-22 18:04:35,DELIVERED,NORTH
457,510,2025-12-12 03:10:57,DELIVERED,WEST
458,346,2025-09-16 11:58:02,PLACED,CENTRAL
459,141,2025-11-05 21:26:05,RETURNED,NORTH
460,178,2025-11-15 14:14:34,RETURNED,WEST
461,173,2026-04-30 09:56:49,DELIVERED,CENTRAL
462,42,2024-09-22 14:12:48,PLACED,WEST
463,162,2025-11-19 01:41:06,DELIVERED,SOUTH
464,92,2025-03-16 18:16:43,RETURNED,WEST
465,130,2024-11-16 06:12:36,SHIPPED,WEST
466,,2024-10-28 03:39:21,DELIVERED,WEST
467,91,2025-10-04 03:41:59,SHIPPED,NORTH
468,572,2025-07-25 00:37:46,DELIVERED,CENTRAL
469,371,2026-04-18 10:19:31,CANCELLED,SOUTH
470,284,2025-08-17 14:38:20,CANCELLED,WEST
471,510,2025-01-20 22:54:51,DELIVERED,EAST
472,292,2024-11-21 14:04:20,RETURNED,WEST
473,45,2025-07-09 02:33:01,DELIVERED,SOUTH
474,30,2026-01-23 12:23:58,DELIVERED,WEST
475,594,2025-05-21 09:07:43,DELIVERED,SOUTH
476,113,2025-05-21 15:05:26,SHIPPED,SOUTH
477,385,2025-03-17 18:54:14,DELIVERED,WEST
478,149,2025-10-21 22:48:19,SHIPPED,EAST
479,140,2026-06-03 18:26:52,DELIVERED,SOUTH
480,344,16-07-2024,DELIVERED,SOUTH
481,114,2026-06-03 11:55:55,RETURNED,EAST
482,226,2026-05-30 11:51:39,CANCELLED,CENTRAL
483,175,2026-03-11 00:57:53,DELIVERED,WEST
484,535,2026-01-01 23:35:55,SHIPPED,WEST
485,286,2024-11-22 06:22:17,DELIVERED,SOUTH
486,336,2025-10-23 06:58:58,PLACED,SOUTH
487,,2024-03-13 21:18:21,SHIPPED,CENTRAL
488,35,2025-10-23 07:09:30,CANCELLED,NORTH
489,464,2026-02-04 08:23:28,DELIVERED,WEST
490,224,2024-07-25 03:51:43,DELIVERED,NORTH
491,492,2026-01-28 15:43:39,PLACED,CENTRAL
492,25,2026-01-20 13:41:38,RETURNED,WEST
493,190,2026-04-05 20:34:08,DELIVERED,NORTH
494,395,2025-09-28 13:49:12,RETURNED,EAST
495,556,2026-06-12 14:06:18,DELIVERED,CENTRAL
496,344,2024-03-26 03:31:38,SHIPPED,NORTH
497,114,2025-06-04 10:47:54,SHIPPED,EAST
498,180,2024-07-21 02:09:41,DELIVERED,EAST
499,245,2026-05-18 07:00:26,RETURNED,CENTRAL
500,215,2024-12-16 04:54:32,SHIPPED,WEST
501,284,2025-08-18 03:36:14,SHIPPED,CENTRAL
502,540,2025-12-24 15:44:05,PLACED,EAST
503,463,2025-07-25 21:28:19,DELIVERED,SOUTH
504,469,2024-06-24 15:06:22,DELIVERED,NORTH
505,112,2024-09-12 22:55:47,SHIPPED,SOUTH
506,,2025-06-30 10:19:15,SHIPPED,CENTRAL
507,136,2026-01-06 04:27:21,CANCELLED,NORTH
508,299,2024-10-20 16:41:32,DELIVERED,CENTRAL
509,344,2025-10-01 12:58:48,DELIVERED,WEST
510,543,2026-05-27 23:09:00,PLACED,SOUTH
511,314,2024-09-23 18:49:26,SHIPPED,EAST
512,49,2025-12-21 14:36:48,DELIVERED,CENTRAL
513,165,2026-06-16 10:34:13,DELIVERED,SOUTH
514,166,2024-12-02 18:52:36,PLACED,SOUTH
515,452,2025-04-24 06:20:31,RETURNED,NORTH
516,325,2025-06-18 03:32:45,DELIVERED,CENTRAL
517,309,2024-09-29 08:44:17,SHIPPED,SOUTH
518,470,2025-05-12 10:35:23,PLACED,CENTRAL
519,340,2025-04-04 03:09:31,RETURNED,CENTRAL
520,151,2026-03-06 18:53:20,SHIPPED,NORTH
521,,2026-06-10 22:38:19,PLACED,SOUTH
522,457,2025-07-09 04:35:50,CANCELLED,SOUTH
523,598,2025-12-02 21:26:17,DELIVERED,SOUTH
524,24,2024-08-15 22:13:19,CANCELLED,NORTH
525,525,2025-04-01 08:35:20,PLACED,CENTRAL
526,58,2026-02-28 10:44:13,SHIPPED,EAST
527,396,31-03-2025,DELIVERED,WEST
528,575,2024-05-16 01:54:49,RETURNED,WEST
529,454,2026-01-16 02:15:50,SHIPPED,WEST
530,143,2025-06-14 20:36:35,PLACED,EAST
531,68,2025-08-06 17:48:39,DELIVERED,WEST
532,180,2026-03-26 21:04:51,DELIVERED,SOUTH
533,191,2025-11-20 12:41:59,DELIVERED,CENTRAL
534,312,2026-02-06 13:24:04,DELIVERED,NORTH
535,158,2025-02-12 01:18:33,CANCELLED,WEST
536,128,2025-05-15 21:49:28,CANCELLED,SOUTH
537,30,2024-07-04 09:51:51,DELIVERED,CENTRAL
538,371,2026-06-21 15:42:07,DELIVERED,WEST
539,123,2025-08-14 17:59:13,DELIVERED,SOUTH
540,596,2024-03-31 21:25:32,CANCELLED,SOUTH
541,366,01-02-2026,CANCELLED,EAST
542,50,2025-10-08 13:39:20,DELIVERED,CENTRAL
543,199,2026-04-24 19:19:36,RETURNED,SOUTH
544,557,2025-05-16 03:39:19,CANCELLED,EAST
545,278,2026-06-18 04:47:54,PLACED,CENTRAL
546,361,2026-05-06 17:51:01,DELIVERED,EAST
547,497,2025-05-22 00:08:03,DELIVERED,SOUTH
548,159,2026-05-14 23:28:28,PLACED,CENTRAL
549,539,2026-06-01 06:58:54,DELIVERED,WEST
550,472,2025-10-22 16:06:09,DELIVERED,WEST
551,357,2025-04-29 00:18:02,SHIPPED,CENTRAL
552,536,2026-02-27 20:05:30,RETURNED,NORTH
553,228,2024-07-18 22:49:24,DELIVERED,EAST
554,129,2025-04-18 23:43:11,CANCELLED,NORTH
555,80,2024-11-20 14:34:36,DELIVERED,SOUTH
556,111,2024-02-20 22:36:03,DELIVERED,WEST
557,122,23-03-2025,DELIVERED,NORTH
558,127,2026-03-27 10:12:55,DELIVERED,EAST
559,30,2024-05-21 00:29:53,DELIVERED,CENTRAL
560,357,2025-07-01 03:05:23,RETURNED,CENTRAL
561,248,2026-06-18 04:11:24,PLACED,NORTH
562,542,2025-11-09 06:34:07,DELIVERED,CENTRAL
563,5,2024-06-02 07:16:12,RETURNED,WEST
564,376,2026-06-27 06:08:26,DELIVERED,SOUTH
565,364,2025-08-12 17:04:30,SHIPPED,NORTH
566,322,2024-11-06 00:21:29,SHIPPED,EAST
567,296,2026-05-15 11:23:27,SHIPPED,NORTH
568,395,2025-08-21 06:54:01,CANCELLED,WEST
569,232,2026-05-10 11:28:52,SHIPPED,SOUTH
570,72,2026-01-08 22:30:58,DELIVERED,WEST
571,108,2025-08-15 20:52:04,DELIVERED,NORTH
572,147,2025-07-17 15:49:08,DELIVERED,SOUTH
573,67,2025-08-04 12:02:44,PLACED,WEST
574,126,2025-04-12 21:00:16,DELIVERED,CENTRAL
575,280,2025-11-13 17:51:43,SHIPPED,WEST
576,524,2025-11-25 07:26:56,DELIVERED,EAST
577,502,2026-02-11 11:42:37,DELIVERED,NORTH
578,,2025-05-14 23:52:28,DELIVERED,WEST
579,335,2024-11-27 06:26:06,RETURNED,NORTH
580,533,2026-02-02 04:34:52,DELIVERED,WEST
581,503,2026-02-23 04:06:45,PLACED,CENTRAL
582,19,28-04-2026,DELIVERED,WEST
583,461,2025-10-31 03:54:15,DELIVERED,NORTH
584,182,2025-10-14 09:00:59,RETURNED,SOUTH
585,504,2025-07-21 12:28:40,SHIPPED,NORTH
586,583,2026-02-01 01:10:04,PLACED,WEST
587,488,2025-09-28 09:50:50,SHIPPED,CENTRAL
588,387,2025-07-01 23:59:11,DELIVERED,NORTH
589,47,2024-07-18 03:34:12,RETURNED,CENTRAL
590,28,2025-06-14 02:57:55,SHIPPED,WEST
591,360,2024-07-11 16:34:49,CANCELLED,EAST
592,87,2024-04-11 18:01:32,DELIVERED,NORTH
593,552,05-02-2026,SHIPPED,CENTRAL
594,528,2026-05-20 13:36:48,PLACED,NORTH
595,325,2025-08-09 19:04:41,DELIVERED,WEST
596,103,2025-01-11 20:49:06,RETURNED,EAST
597,171,2026-04-24 18:36:40,DELIVERED,WEST
598,78,2026-06-17 02:20:06,DELIVERED,CENTRAL
599,412,2026-06-27 22:53:14,DELIVERED,CENTRAL
600,98,2026-03-26 17:09:24,PLACED,WEST
601,438,2025-12-13 10:54:38,DELIVERED,CENTRAL
602,308,2025-11-03 12:04:21,SHIPPED,WEST
603,258,2026-04-03 01:35:13,DELIVERED,CENTRAL
604,192,2026-06-10 20:54:54,RETURNED,WEST
605,275,2026-06-03 17:54:16,RETURNED,WEST
606,580,2024-04-03 00:33:00,DELIVERED,SOUTH
607,155,2026-05-21 22:37:56,SHIPPED,WEST
608,327,2024-04-10 02:01:56,DELIVERED,EAST
609,165,2025-12-21 14:15:21,DELIVERED,NORTH
610,154,23-09-2025,DELIVERED,WEST
611,498,2026-05-28 09:56:50,DELIVERED,SOUTH
612,164,2026-01-22 21:51:35,DELIVERED,CENTRAL
613,181,2026-04-08 10:30:26,SHIPPED,NORTH
614,57,2024-09-13 09:07:12,DELIVERED,WEST
615,373,2024-05-20 06:51:45,DELIVERED,SOUTH
616,115,2026-03-19 11:42:54,PLACED,CENTRAL
617,538,2025-04-03 04:05:05,PLACED,NORTH
618,321,2026-01-20 18:20:03,RETURNED,SOUTH
619,434,2025-11-11 07:58:15,DELIVERED,WEST
620,419,2025-04-06 12:36:21,PLACED,EAST
621,116,2025-05-06 15:36:01,DELIVERED,EAST
622,149,2025-12-17 23:23:12,DELIVERED,NORTH
623,36,2024-03-25 22:19:57,DELIVERED,EAST
624,566,2025-08-20 14:17:26,SHIPPED,NORTH
625,548,2026-05-15 09:10:26,DELIVERED,WEST
626,262,2025-06-26 09:55:24,DELIVERED,EAST
627,216,2026-05-24 12:41:20,CANCELLED,EAST
628,417,2025-01-08 07:36:01,RETURNED,WEST
629,483,2026-04-12 18:09:24,SHIPPED,NORTH
630,165,2026-06-11 06:19:33,SHIPPED,CENTRAL
631,561,2026-05-21 06:19:47,RETURNED,NORTH
632,189,2025-10-11 10:57:56,DELIVERED,WEST
633,205,2026-06-13 00:17:29,DELIVERED,SOUTH
634,256,2025-10-20 01:45:28,CANCELLED,SOUTH
635,421,2025-05-11 04:03:45,DELIVERED,EAST
636,178,2026-06-03 14:42:06,DELIVERED,NORTH
637,425,2026-04-29 18:16:34,PLACED,SOUTH
638,22,2025-04-18 20:11:36,CANCELLED,SOUTH
639,92,2025-12-19 08:26:57,DELIVERED,NORTH
640,411,2025-10-28 06:40:35,SHIPPED,SOUTH
641,581,28-01-2026,RETURNED,WEST
642,507,2024-07-03 02:27:38,DELIVERED,EAST
643,507,2025-08-16 12:43:59,PLACED,SOUTH
644,290,2024-10-21 03:58:14,DELIVERED,NORTH
645,298,2026-02-03 16:08:52,DELIVERED,EAST
646,597,2026-02-23 11:39:46,SHIPPED,SOUTH
647,332,2025-11-30 06:53:43,SHIPPED,WEST
648,263,2024-04-23 11:42:39,DELIVERED,SOUTH
649,483,2026-02-26 04:39:43,PLACED,NORTH
650,6,2025-01-29 01:00:50,SHIPPED,EAST
651,136,19-05-2026,DELIVERED,CENTRAL
652,505,2026-02-06 10:42:45,DELIVERED,CENTRAL
653,444,2024-10-10 06:31:41,DELIVERED,WEST
654,288,2026-02-19 00:57:46,DELIVERED,CENTRAL
655,271,2025-08-21 13:04:09,DELIVERED,WEST
656,155,2026-04-14 21:37:54,SHIPPED,NORTH
657,194,09-02-2026,SHIPPED,EAST
658,168,2026-06-08 08:06:05,SHIPPED,NORTH
659,453,2025-07-07 20:01:59,SHIPPED,WEST
660,116,2024-08-17 23:50:32,DELIVERED,SOUTH
661,173,2026-05-21 05:54:58,CANCELLED,CENTRAL
662,,2025-08-20 06:06:42,RETURNED,CENTRAL
663,185,2026-04-07 17:18:22,SHIPPED,NORTH
664,337,2025-08-23 01:59:05,DELIVERED,WEST
665,383,2025-09-02 12:42:25,DELIVERED,SOUTH
666,30,2024-05-05 22:15:23,SHIPPED,WEST
667,,2024-01-10 00:26:22,PLACED,WEST
668,,2024-09-06 21:24:23,CANCELLED,EAST
669,331,2024-12-22 03:14:52,PLACED,WEST
670,95,2025-09-11 14:31:21,RETURNED,WEST
671,92,2024-02-01 20:44:38,RETURNED,WEST
672,292,2024-08-27 10:33:24,SHIPPED,EAST
673,135,2026-04-26 10:32:06,PLACED,SOUTH
674,502,2025-11-22 23:17:48,PLACED,CENTRAL
675,434,2025-08-04 01:51:59,PLACED,SOUTH
676,,2026-06-23 22:25:19,DELIVERED,WEST
677,230,2024-08-28 21:25:02,CANCELLED,CENTRAL
678,86,2025-12-22 19:05:49,SHIPPED,EAST
679,153,2024-07-17 12:20:49,DELIVERED,CENTRAL
680,438,2026-01-15 18:05:18,DELIVERED,CENTRAL
681,111,2026-03-04 06:28:15,CANCELLED,CENTRAL
682,260,2025-09-01 04:25:16,SHIPPED,NORTH
683,117,2026-01-08 01:22:40,SHIPPED,NORTH
684,86,2026-03-30 07:29:29,PLACED,WEST
685,461,2026-02-28 06:20:03,DELIVERED,SOUTH
686,190,2025-12-13 09:04:05,CANCELLED,NORTH
687,445,17-05-2026,DELIVERED,SOUTH
688,489,2026-04-15 10:03:37,RETURNED,CENTRAL
689,499,2025-04-15 09:12:05,SHIPPED,WEST
690,,2024-05-17 03:16:28,DELIVERED,NORTH
691,193,2024-02-11 15:44:48,CANCELLED,SOUTH
692,447,2026-06-06 03:57:11,SHIPPED,SOUTH
693,486,08-01-2026,DELIVERED,WEST
694,497,07-07-2025,DELIVERED,SOUTH
695,302,2026-06-09 13:54:22,DELIVERED,NORTH
696,106,2025-12-30 15:41:30,SHIPPED,WEST
697,,2026-06-04 12:59:06,SHIPPED,WEST
698,526,2026-01-27 22:17:10,DELIVERED,WEST
699,591,2025-08-07 15:44:49,CANCELLED,WEST
700,485,2025-08-06 19:56:00,DELIVERED,WEST
701,447,2025-11-17 01:56:04,SHIPPED,EAST
702,449,2024-12-26 13:25:52,CANCELLED,EAST
703,480,2026-01-02 22:29:11,SHIPPED,WEST
704,369,2026-05-22 06:00:21,DELIVERED,CENTRAL
705,213,2025-08-04 09:23:02,SHIPPED,SOUTH
706,178,2025-08-01 22:39:19,SHIPPED,WEST
707,,2024-12-30 14:57:18,DELIVERED,EAST
708,268,2025-09-18 07:46:48,SHIPPED,NORTH
709,66,2025-06-08 15:39:51,DELIVERED,CENTRAL
710,230,2026-01-25 13:00:45,SHIPPED,NORTH
711,571,2024-12-09 18:23:52,PLACED,CENTRAL
712,107,12-02-2026,SHIPPED,NORTH
713,109,2026-05-17 05:53:49,DELIVERED,CENTRAL
714,43,2025-12-26 00:51:51,DELIVERED,EAST
715,161,2026-05-21 17:24:52,SHIPPED,WEST
716,102,2025-10-29 22:08:25,DELIVERED,NORTH
717,207,2026-05-07 12:47:14,DELIVERED,SOUTH
718,486,2025-11-07 02:40:02,DELIVERED,EAST
719,425,2026-04-27 01:26:24,RETURNED,CENTRAL
720,432,2026-02-18 14:48:37,SHIPPED,WEST
721,529,2025-10-16 23:55:33,RETURNED,NORTH
722,530,2024-04-18 02:10:29,RETURNED,SOUTH
723,,2025-11-14 20:55:34,CANCELLED,SOUTH
724,589,2025-08-23 10:49:35,CANCELLED,CENTRAL
725,303,2025-06-15 16:25:02,PLACED,EAST
726,322,26-04-2025,PLACED,CENTRAL
727,151,2026-01-06 11:54:10,PLACED,CENTRAL
728,453,2025-06-20 07:52:32,SHIPPED,SOUTH
729,309,31-08-2024,RETURNED,SOUTH
730,533,2025-08-10 01:03:37,PLACED,EAST
731,534,2025-06-26 06:32:51,DELIVERED,CENTRAL
732,265,2024-11-27 10:53:58,SHIPPED,CENTRAL
733,114,02-03-2026,CANCELLED,CENTRAL
734,363,11-07-2024,DELIVERED,WEST
735,306,2025-05-15 01:11:05,RETURNED,CENTRAL
736,580,2026-04-08 10:26:31,DELIVERED,EAST
737,587,2026-01-23 07:04:28,RETURNED,SOUTH
738,108,2025-06-23 15:30:37,RETURNED,EAST
739,466,2024-09-26 02:37:32,SHIPPED,NORTH
740,95,2024-04-06 14:44:53,DELIVERED,WEST
741,80,2025-08-19 20:08:35,PLACED,CENTRAL
742,405,2025-04-10 15:12:50,SHIPPED,WEST
743,427,2026-06-13 22:28:58,SHIPPED,WEST
744,133,2026-05-10 19:19:22,CANCELLED,SOUTH
745,467,01-01-2026,PLACED,EAST
746,122,2025-12-19 06:38:26,SHIPPED,CENTRAL
747,297,2025-03-30 06:54:48,DELIVERED,EAST
748,311,2025-04-01 16:25:01,DELIVERED,CENTRAL
749,432,2025-12-10 21:27:38,DELIVERED,SOUTH
750,188,21-04-2026,DELIVERED,NORTH
751,428,2026-05-02 20:53:21,DELIVERED,WEST
752,487,2025-07-12 03:45:01,SHIPPED,WEST
753,460,2024-12-01 17:14:12,PLACED,CENTRAL
754,420,2025-08-24 13:10:18,PLACED,NORTH
755,454,2026-01-11 17:19:23,RETURNED,NORTH
756,586,2025-04-24 18:41:27,PLACED,NORTH
757,198,2026-04-21 17:02:52,PLACED,CENTRAL
758,,2026-06-16 19:06:36,CANCELLED,CENTRAL
759,185,2025-11-04 08:50:47,RETURNED,CENTRAL
760,455,2024-11-30 17:57:07,SHIPPED,CENTRAL
761,,2026-02-02 11:26:34,SHIPPED,SOUTH
762,425,2025-12-17 08:13:36,DELIVERED,NORTH
763,118,2025-03-23 03:42:47,DELIVERED,EAST
764,92,2024-08-27 14:00:47,DELIVERED,NORTH
765,334,08-10-2024,SHIPPED,NORTH
766,328,2024-12-12 07:18:51,SHIPPED,NORTH
767,54,2025-09-28 15:59:27,DELIVERED,WEST
768,521,2026-03-23 19:05:37,DELIVERED,EAST
769,476,2026-05-09 05:50:55,SHIPPED,SOUTH
770,20,2025-02-22 03:00:08,DELIVERED,SOUTH
771,569,2026-05-03 01:47:21,SHIPPED,WEST
772,86,2026-06-03 16:44:08,SHIPPED,CENTRAL
773,173,2026-06-02 16:59:19,PLACED,WEST
774,43,2024-11-27 18:39:39,PLACED,EAST
775,172,2024-03-23 20:14:31,DELIVERED,CENTRAL
776,257,2026-01-24 06:34:30,DELIVERED,CENTRAL
777,523,13-03-2025,PLACED,NORTH
778,308,2024-05-19 08:49:17,DELIVERED,CENTRAL
779,287,2025-07-25 12:21:48,DELIVERED,EAST
780,268,2026-06-17 17:29:33,DELIVERED,EAST
781,216,2025-07-18 03:16:51,CANCELLED,SOUTH
782,3,2026-03-17 10:18:13,CANCELLED,SOUTH
783,424,2025-11-26 16:41:19,RETURNED,WEST
784,552,2025-07-30 00:43:22,DELIVERED,CENTRAL
785,32,2026-03-10 18:41:47,SHIPPED,CENTRAL
786,367,2025-09-09 09:33:42,CANCELLED,NORTH
787,128,2026-02-11 18:25:40,DELIVERED,SOUTH
788,21,2026-03-12 04:21:47,DELIVERED,NORTH
789,311,2024-12-09 12:58:59,SHIPPED,NORTH
790,288,2026-04-11 09:34:54,DELIVERED,NORTH
791,201,2025-12-20 07:09:47,SHIPPED,WEST
792,175,2026-02-18 14:01:17,CANCELLED,CENTRAL
793,579,2024-09-29 16:11:22,DELIVERED,SOUTH
794,266,2025-10-29 15:46:02,RETURNED,EAST
795,197,2026-06-06 09:39:41,CANCELLED,CENTRAL
796,,2026-05-20 02:38:13,SHIPPED,NORTH
797,331,2025-10-10 23:16:56,DELIVERED,CENTRAL
798,478,2026-05-01 11:05:28,RETURNED,SOUTH
799,49,2026-02-09 22:31:24,DELIVERED,NORTH
800,402,2024-11-18 03:45:31,DELIVERED,SOUTH
801,434,2025-07-22 19:40:08,DELIVERED,EAST
802,65,30-05-2024,DELIVERED,CENTRAL
803,343,2025-05-26 23:56:30,DELIVERED,NORTH
804,342,2025-12-28 15:26:41,RETURNED,CENTRAL
805,450,2026-04-05 17:54:53,DELIVERED,NORTH
806,63,2024-04-19 19:08:32,CANCELLED,NORTH
807,131,2025-08-30 01:54:09,DELIVERED,CENTRAL
808,443,2025-05-27 02:25:09,DELIVERED,EAST
809,391,2026-04-27 23:57:27,DELIVERED,CENTRAL
810,11,2026-03-09 02:05:56,PLACED,CENTRAL
811,104,2025-06-11 13:49:11,DELIVERED,WEST
812,530,2025-05-24 19:56:48,DELIVERED,CENTRAL
813,70,2025-10-12 12:12:19,PLACED,SOUTH
814,522,2025-01-27 01:31:09,PLACED,WEST
815,,2025-08-04 20:41:26,DELIVERED,EAST
816,599,2025-11-08 01:35:45,SHIPPED,EAST
817,598,2025-12-14 07:38:59,DELIVERED,CENTRAL
818,,2025-03-28 03:39:01,PLACED,SOUTH
819,59,2025-01-03 18:26:31,DELIVERED,WEST
820,353,2025-06-13 18:39:10,DELIVERED,NORTH
821,350,2025-07-26 01:50:37,SHIPPED,CENTRAL
822,340,2026-06-17 12:42:56,DELIVERED,WEST
823,337,2025-10-15 00:33:32,DELIVERED,WEST
824,225,2024-07-19 20:55:06,SHIPPED,CENTRAL
825,219,2026-02-09 09:54:34,DELIVERED,WEST
826,211,2025-05-28 22:22:01,SHIPPED,NORTH
827,76,09-07-2025,DELIVERED,WEST
828,200,2025-10-23 08:55:46,DELIVERED,NORTH
829,204,2026-02-15 19:51:45,DELIVERED,SOUTH
830,348,2026-04-12 07:10:56,DELIVERED,SOUTH
831,269,07-12-2024,SHIPPED,NORTH
832,347,2024-11-22 14:13:03,SHIPPED,SOUTH
833,540,2026-04-24 10:32:43,DELIVERED,SOUTH
834,195,2025-01-22 18:23:47,DELIVERED,CENTRAL
835,,2026-06-29 01:16:55,PLACED,CENTRAL
836,194,2026-04-07 05:58:54,DELIVERED,EAST
837,130,2026-02-28 13:39:34,DELIVERED,NORTH
838,482,2024-05-30 18:38:32,CANCELLED,CENTRAL
839,384,2026-02-13 12:41:58,RETURNED,EAST
840,539,2026-04-24 09:18:36,DELIVERED,CENTRAL
841,411,2026-06-26 04:27:00,DELIVERED,WEST
842,241,2026-02-05 12:06:37,SHIPPED,CENTRAL
843,161,2025-08-19 13:51:59,RETURNED,NORTH
844,303,2025-07-05 06:10:46,DELIVERED,WEST
845,525,2025-09-24 10:37:28,SHIPPED,WEST
846,377,2026-03-28 21:44:59,DELIVERED,WEST
847,240,2025-12-22 03:48:11,DELIVERED,EAST
848,514,2026-01-14 08:29:41,DELIVERED,NORTH
849,74,02-08-2025,DELIVERED,EAST
850,257,2025-11-25 03:01:38,DELIVERED,SOUTH
851,,2026-04-23 17:11:28,DELIVERED,EAST
852,355,2026-01-21 15:35:06,RETURNED,NORTH
853,484,2026-06-23 00:34:13,DELIVERED,WEST
854,234,2025-04-09 06:12:46,DELIVERED,CENTRAL
855,566,2025-12-29 03:49:53,DELIVERED,EAST
856,193,2025-10-28 02:33:38,DELIVERED,WEST
857,461,2026-05-28 06:00:55,PLACED,SOUTH
858,313,2025-01-05 12:28:11,SHIPPED,EAST
859,231,2025-12-17 02:56:40,RETURNED,CENTRAL
860,307,2025-08-06 13:07:31,DELIVERED,SOUTH
861,158,2025-05-28 00:37:55,PLACED,CENTRAL
862,401,2025-08-15 08:35:11,PLACED,WEST
863,193,2026-01-07 12:59:38,SHIPPED,EAST
864,96,2025-03-04 03:34:07,DELIVERED,CENTRAL
865,501,2024-06-03 16:36:43,SHIPPED,EAST
866,211,2025-01-19 00:10:11,SHIPPED,NORTH
867,378,16-03-2026,SHIPPED,WEST
868,161,2025-01-27 00:25:00,RETURNED,NORTH
869,399,2025-02-07 18:07:15,SHIPPED,WEST
870,163,2025-06-19 01:20:04,CANCELLED,WEST
871,283,09-11-2024,DELIVERED,WEST
872,253,2026-03-15 05:20:16,SHIPPED,WEST
873,474,05-05-2026,CANCELLED,WEST
874,356,2026-03-30 23:25:23,SHIPPED,CENTRAL
875,180,2026-01-12 18:17:18,RETURNED,WEST
876,469,2025-09-29 13:21:01,PLACED,NORTH
877,403,2024-03-08 19:55:45,DELIVERED,CENTRAL
878,299,2024-04-13 16:23:29,DELIVERED,WEST
879,422,2024-10-19 07:48:18,DELIVERED,CENTRAL
880,334,2025-09-29 01:29:22,SHIPPED,NORTH
881,474,2025-10-04 09:01:43,RETURNED,WEST
882,391,2026-04-05 11:07:19,SHIPPED,NORTH
883,11,2025-12-20 07:48:53,DELIVERED,WEST
884,497,2025-06-29 08:19:04,DELIVERED,WEST
885,144,2026-03-20 10:01:47,DELIVERED,NORTH
886,103,2024-11-28 07:51:34,SHIPPED,SOUTH
887,80,2026-04-11 11:39:24,DELIVERED,WEST
888,,2025-03-31 05:02:46,CANCELLED,CENTRAL
889,222,2025-09-21 08:33:39,PLACED,NORTH
890,400,2025-12-13 04:59:43,DELIVERED,NORTH
891,387,2024-11-09 09:20:22,DELIVERED,SOUTH
892,94,2025-06-19 05:29:20,DELIVERED,SOUTH
893,65,2024-12-08 15:21:55,CANCELLED,SOUTH
894,172,2024-05-30 08:54:19,DELIVERED,EAST
895,576,2024-10-21 10:50:39,SHIPPED,WEST
896,124,2024-12-27 00:48:12,DELIVERED,NORTH
897,412,2026-03-02 23:18:31,SHIPPED,SOUTH
898,68,2025-03-08 13:39:09,DELIVERED,SOUTH
899,421,2025-04-13 10:00:41,DELIVERED,CENTRAL
900,583,2024-09-23 08:27:32,DELIVERED,WEST
901,137,2025-10-28 22:53:53,CANCELLED,EAST
902,494,2024-08-12 10:32:33,PLACED,WEST
903,392,2026-03-04 20:26:07,PLACED,NORTH
904,239,2024-02-02 22:53:31,DELIVERED,SOUTH
905,439,2025-06-04 04:01:17,SHIPPED,WEST
906,304,2025-01-19 21:46:21,DELIVERED,SOUTH
907,455,2026-04-23 04:43:25,DELIVERED,NORTH
908,534,2025-10-19 12:20:49,DELIVERED,SOUTH
909,340,2025-06-16 09:50:29,CANCELLED,SOUTH
910,228,2025-08-15 14:49:33,CANCELLED,NORTH
911,67,2025-11-11 20:52:35,CANCELLED,SOUTH
912,210,2024-08-27 12:37:36,DELIVERED,SOUTH
913,520,2024-05-01 10:11:03,DELIVERED,SOUTH
914,251,2025-12-14 08:14:44,DELIVERED,CENTRAL
915,460,2025-12-14 16:30:47,SHIPPED,NORTH
916,369,2025-07-17 07:48:54,SHIPPED,CENTRAL
917,444,2024-11-01 03:34:13,DELIVERED,WEST
918,438,2025-10-25 07:47:11,PLACED,CENTRAL
919,157,2026-06-28 09:54:38,SHIPPED,EAST
920,465,2025-05-28 23:25:16,DELIVERED,EAST
921,140,2026-06-08 05:48:21,DELIVERED,NORTH
922,513,2025-12-05 09:20:33,SHIPPED,EAST
923,394,2026-01-30 11:47:18,DELIVERED,WEST
924,40,2025-12-07 08:12:52,DELIVERED,WEST
925,262,2025-09-08 11:57:19,CANCELLED,EAST
926,60,2026-05-03 09:26:36,DELIVERED,SOUTH
927,490,2024-02-23 14:32:07,RETURNED,NORTH
928,152,2025-02-09 23:06:52,DELIVERED,EAST
929,254,13-02-2026,CANCELLED,WEST
930,408,2026-06-29 13:38:40,DELIVERED,WEST
931,170,2025-08-30 13:27:39,PLACED,WEST
932,316,2025-10-06 09:53:43,DELIVERED,NORTH
933,587,2026-04-14 06:34:18,DELIVERED,SOUTH
934,408,23-04-2025,SHIPPED,NORTH
935,100,2025-01-16 05:56:23,SHIPPED,EAST
936,442,2024-09-22 01:42:22,DELIVERED,SOUTH
937,499,2024-10-09 16:52:03,PLACED,SOUTH
938,191,03-07-2025,RETURNED,SOUTH
939,266,2026-06-21 00:05:29,PLACED,NORTH
940,171,2025-09-28 23:52:52,DELIVERED,NORTH
941,351,2025-03-01 01:01:35,CANCELLED,NORTH
942,10,2024-04-04 20:21:00,CANCELLED,CENTRAL
943,43,2025-02-10 05:15:46,SHIPPED,CENTRAL
944,533,2026-01-28 08:51:11,RETURNED,EAST
945,440,2026-03-04 16:52:30,DELIVERED,SOUTH
946,370,2025-09-21 00:05:19,SHIPPED,EAST
947,103,2024-03-02 19:00:16,RETURNED,SOUTH
948,27,2025-11-13 12:24:01,CANCELLED,SOUTH
949,378,2025-12-03 00:43:37,SHIPPED,CENTRAL
950,424,2026-02-15 19:32:58,DELIVERED,NORTH
951,369,2024-10-16 12:55:17,CANCELLED,WEST
952,240,2026-05-03 15:26:28,DELIVERED,EAST
953,439,2025-12-01 19:33:20,DELIVERED,WEST
954,301,2026-03-29 19:16:12,PLACED,CENTRAL
955,517,2024-02-19 07:34:02,DELIVERED,CENTRAL
956,479,2024-11-18 01:27:51,SHIPPED,CENTRAL
957,247,2025-02-06 00:29:04,CANCELLED,NORTH
958,,2025-12-31 19:00:02,DELIVERED,WEST
959,288,2025-12-26 14:03:12,CANCELLED,NORTH
960,140,2026-06-17 01:23:17,DELIVERED,CENTRAL
961,67,2026-03-10 04:46:45,RETURNED,WEST
962,576,2025-11-09 19:08:00,DELIVERED,EAST
963,90,2024-06-22 00:38:29,DELIVERED,NORTH
964,587,2025-05-31 15:06:54,SHIPPED,CENTRAL
965,2,2025-11-03 16:51:21,SHIPPED,WEST
966,328,2025-11-23 01:04:30,DELIVERED,CENTRAL
967,228,2024-06-14 13:48:40,SHIPPED,EAST
968,149,2026-06-11 23:03:01,SHIPPED,WEST
969,151,2025-07-03 05:39:01,CANCELLED,NORTH
970,328,2025-08-27 20:18:25,DELIVERED,CENTRAL
971,490,2024-12-01 02:04:03,SHIPPED,NORTH
972,342,2025-03-18 14:34:33,RETURNED,SOUTH
973,54,2026-06-13 02:24:35,RETURNED,WEST
974,307,2024-11-20 07:09:12,DELIVERED,WEST
975,485,2026-02-02 12:54:57,PLACED,EAST
976,290,2024-10-30 01:33:48,DELIVERED,SOUTH
977,332,2026-01-15 07:15:48,DELIVERED,EAST
978,469,2024-10-21 06:58:19,SHIPPED,EAST
979,149,2025-10-19 11:09:50,RETURNED,NORTH
980,371,2026-06-13 06:59:03,DELIVERED,WEST
981,438,2026-06-13 20:53:19,DELIVERED,EAST
982,486,2025-07-04 12:35:58,PLACED,EAST
983,445,2025-12-18 16:45:25,DELIVERED,NORTH
984,247,2025-06-05 01:59:41,DELIVERED,WEST
985,92,2025-12-21 07:00:40,DELIVERED,WEST
986,377,2024-03-04 00:34:10,SHIPPED,CENTRAL
987,231,2024-04-10 18:29:59,SHIPPED,EAST
988,97,2024-10-08 07:46:13,CANCELLED,WEST
989,306,2025-08-16 06:34:35,PLACED,SOUTH
990,416,2025-03-09 08:05:57,PLACED,WEST
991,66,2026-03-17 02:02:08,CANCELLED,NORTH
992,213,2026-05-23 12:51:55,PLACED,SOUTH
993,6,2026-05-11 17:31:35,DELIVERED,SOUTH
994,589,2025-10-20 02:12:07,DELIVERED,NORTH
995,87,2024-07-12 17:47:28,PLACED,SOUTH
996,,2025-05-26 01:35:42,PLACED,EAST
997,547,2025-11-22 03:49:50,DELIVERED,CENTRAL
998,361,2026-02-11 09:56:01,DELIVERED,NORTH
999,243,2024-02-27 01:32:27,DELIVERED,SOUTH
1000,566,2024-12-01 14:33:13,RETURNED,CENTRAL
1001,433,2025-01-19 18:09:52,CANCELLED,SOUTH
1002,410,2026-02-25 11:26:17,SHIPPED,SOUTH
1003,549,2025-10-27 06:24:56,CANCELLED,SOUTH
1004,382,2026-05-12 19:03:04,PLACED,SOUTH
1005,430,2024-08-26 10:34:28,SHIPPED,NORTH
1006,254,2026-01-12 02:34:53,CANCELLED,CENTRAL
1007,417,2025-02-02 05:34:17,DELIVERED,EAST
1008,150,2025-05-24 08:34:24,DELIVERED,WEST
1009,108,2026-06-11 23:12:43,RETURNED,EAST
1010,502,2024-05-28 10:00:36,DELIVERED,CENTRAL
1011,,2026-05-18 22:00:08,DELIVERED,WEST
1012,186,2025-06-20 04:58:40,PLACED,CENTRAL
1013,413,2026-02-13 09:20:58,CANCELLED,CENTRAL
1014,160,2024-09-10 07:21:14,DELIVERED,NORTH
1015,380,2026-02-26 17:53:19,SHIPPED,SOUTH
1016,450,2025-10-28 11:31:56,DELIVERED,WEST
1017,534,2025-01-03 08:56:38,DELIVERED,WEST
1018,321,2025-07-19 00:20:32,DELIVERED,NORTH
1019,170,23-12-2025,PLACED,WEST
1020,11,2026-02-25 15:48:49,DELIVERED,WEST
1021,510,2025-10-11 00:30:35,PLACED,NORTH
1022,416,2025-03-04 19:07:10,RETURNED,NORTH
1023,436,2026-04-10 01:04:23,RETURNED,CENTRAL
1024,44,2026-03-05 18:15:48,RETURNED,CENTRAL
1025,231,2024-12-02 13:32:44,PLACED,EAST
1026,53,2025-10-18 16:13:42,DELIVERED,EAST
1027,256,2026-06-22 00:30:14,DELIVERED,EAST
1028,307,2026-04-07 12:11:37,RETURNED,CENTRAL
1029,404,2024-12-03 19:36:55,CANCELLED,CENTRAL
1030,37,2026-05-24 13:23:16,SHIPPED,NORTH
1031,365,2025-09-03 06:54:32,SHIPPED,NORTH
1032,6,2025-06-27 06:34:11,SHIPPED,NORTH
1033,104,2025-10-31 05:31:49,PLACED,SOUTH
1034,,2024-07-11 09:11:18,RETURNED,EAST
1035,232,2026-01-01 04:55:07,SHIPPED,SOUTH
1036,550,2025-06-17 07:30:09,SHIPPED,SOUTH
1037,,2026-02-25 16:32:15,RETURNED,SOUTH
1038,114,2025-01-05 05:47:10,SHIPPED,EAST
1039,33,2026-02-07 06:13:14,CANCELLED,EAST
1040,122,2025-08-01 01:47:08,CANCELLED,SOUTH
1041,333,2025-11-01 04:27:31,SHIPPED,SOUTH
1042,113,2024-06-16 14:02:32,DELIVERED,CENTRAL
1043,14,2026-06-13 19:25:17,DELIVERED,WEST
1044,9,2025-11-30 16:14:06,DELIVERED,WEST
1045,254,2026-02-10 05:21:47,DELIVERED,NORTH
1046,270,2025-11-14 10:45:45,DELIVERED,WEST
1047,106,2026-02-23 14:17:21,DELIVERED,CENTRAL
1048,153,2024-12-22 08:03:45,DELIVERED,SOUTH
1049,150,27-10-2025,DELIVERED,WEST
1050,418,2026-06-27 12:20:39,DELIVERED,SOUTH
1051,345,2025-10-23 21:15:33,CANCELLED,NORTH
1052,312,2024-06-19 23:08:45,DELIVERED,WEST
1053,253,2025-12-25 05:07:59,DELIVERED,NORTH
1054,330,2024-11-25 07:05:45,PLACED,NORTH
1055,442,2024-10-14 03:20:05,DELIVERED,EAST
1056,115,2025-03-16 06:06:31,RETURNED,SOUTH
1057,340,2025-07-14 02:58:32,RETURNED,CENTRAL
1058,542,2026-04-08 20:20:28,DELIVERED,CENTRAL
1059,394,2024-05-15 12:12:49,RETURNED,CENTRAL
1060,124,2024-03-04 18:02:32,CANCELLED,SOUTH
1061,198,2025-11-23 11:30:09,PLACED,CENTRAL
1062,352,2025-04-13 07:51:19,DELIVERED,CENTRAL
1063,158,2024-03-09 01:23:47,RETURNED,EAST
1064,574,2025-08-12 18:52:41,RETURNED,NORTH
1065,447,2025-12-05 07:05:20,SHIPPED,NORTH
1066,171,2026-04-18 16:31:00,DELIVERED,NORTH
1067,580,2024-04-04 10:32:30,RETURNED,WEST
1068,507,2026-04-07 03:54:53,DELIVERED,WEST
1069,522,2025-05-06 09:04:58,PLACED,EAST
1070,212,09-06-2025,PLACED,NORTH
1071,526,2025-12-08 12:04:14,DELIVERED,EAST
1072,226,2025-02-26 04:37:10,DELIVERED,SOUTH
1073,,2026-04-08 20:46:28,DELIVERED,EAST
1074,137,2025-10-05 00:38:07,DELIVERED,SOUTH
1075,548,09-10-2024,PLACED,EAST
1076,333,2024-06-27 07:38:29,DELIVERED,SOUTH
1077,419,2026-01-08 22:51:04,CANCELLED,NORTH
1078,365,2025-11-25 03:50:02,DELIVERED,NORTH
1079,551,2026-06-25 01:33:15,SHIPPED,EAST
1080,565,2025-02-09 03:04:56,DELIVERED,SOUTH
1081,596,2025-09-06 07:56:40,RETURNED,WEST
1082,378,2024-08-18 10:17:57,DELIVERED,WEST
1083,190,2026-01-20 09:28:09,RETURNED,SOUTH
1084,289,2024-04-18 16:42:01,SHIPPED,CENTRAL
1085,193,2024-04-17 21:26:14,SHIPPED,WEST
1086,103,2026-05-25 07:43:40,DELIVERED,CENTRAL
1087,103,2025-10-06 00:12:21,DELIVERED,NORTH
1088,136,2025-01-20 18:53:45,CANCELLED,CENTRAL
1089,14,2025-09-24 15:34:43,RETURNED,EAST
1090,88,2025-02-25 07:05:51,SHIPPED,SOUTH
1091,315,2025-07-03 16:23:09,PLACED,EAST
1092,,10-07-2024,PLACED,EAST
1093,106,2025-09-29 07:50:30,DELIVERED,SOUTH
1094,25,2025-01-31 03:03:42,CANCELLED,EAST
1095,232,2025-08-20 16:17:19,DELIVERED,WEST
1096,174,2025-07-31 13:04:38,DELIVERED,EAST
1097,79,2025-06-02 10:09:43,DELIVERED,NORTH
1098,155,2026-01-31 13:51:21,DELIVERED,WEST
1099,154,2026-06-22 20:27:32,DELIVERED,EAST
1100,107,2025-03-11 13:32:41,DELIVERED,NORTH
1101,3,2026-06-23 15:45:22,CANCELLED,SOUTH
1102,328,2024-12-20 13:38:40,SHIPPED,NORTH
1103,116,2026-06-16 15:32:38,DELIVERED,NORTH
1104,331,2025-02-16 01:26:19,DELIVERED,WEST
1105,435,2026-01-17 15:44:15,CANCELLED,EAST
1106,142,2025-01-17 00:07:09,PLACED,CENTRAL
1107,505,2025-11-13 17:38:43,SHIPPED,CENTRAL
1108,592,2025-07-27 08:40:54,DELIVERED,SOUTH
1109,18,2026-02-27 11:35:47,DELIVERED,NORTH
1110,358,2025-07-14 13:46:52,DELIVERED,EAST
1111,472,2025-11-17 23:29:03,SHIPPED,SOUTH
1112,216,2026-04-29 23:43:01,DELIVERED,SOUTH
1113,387,2024-02-10 22:16:58,DELIVERED,NORTH
1114,596,2024-04-24 14:21:21,DELIVERED,NORTH
1115,151,2025-11-07 09:17:29,DELIVERED,CENTRAL
1116,427,2025-09-25 03:27:56,DELIVERED,CENTRAL
1117,307,2026-03-18 09:44:55,CANCELLED,NORTH
1118,294,2024-06-21 20:19:19,DELIVERED,CENTRAL
1119,178,2026-03-25 22:06:24,SHIPPED,WEST
1120,568,2025-11-26 13:34:59,SHIPPED,EAST
1121,233,2025-10-24 03:34:19,DELIVERED,CENTRAL
1122,387,2024-07-13 09:18:34,DELIVERED,SOUTH
1123,402,2024-11-09 16:18:00,PLACED,NORTH
1124,480,2026-05-17 09:50:31,SHIPPED,SOUTH
1125,56,2025-08-05 01:42:31,DELIVERED,NORTH
1126,80,2025-08-14 17:14:54,DELIVERED,SOUTH
1127,289,2024-11-24 20:08:51,PLACED,NORTH
1128,317,2025-07-10 19:47:53,DELIVERED,SOUTH
1129,276,2024-05-12 02:29:48,PLACED,WEST
1130,47,2024-03-15 15:23:34,DELIVERED,EAST
1131,290,2025-09-10 11:36:01,SHIPPED,EAST
1132,133,2026-05-10 10:37:05,RETURNED,CENTRAL
1133,104,2026-02-19 02:31:11,PLACED,WEST
1134,489,2025-05-22 01:20:27,SHIPPED,NORTH
1135,96,2026-05-03 01:06:56,CANCELLED,SOUTH
1136,165,2026-03-26 19:26:11,CANCELLED,CENTRAL
1137,350,2026-02-11 13:38:08,SHIPPED,CENTRAL
1138,442,2024-03-03 03:47:20,SHIPPED,SOUTH
1139,214,2025-12-12 03:02:04,SHIPPED,NORTH
1140,16,2024-08-09 13:21:10,DELIVERED,WEST
1141,97,2025-12-07 12:27:57,DELIVERED,NORTH
1142,287,2025-11-14 18:57:20,DELIVERED,WEST
1143,265,2026-06-28 23:02:37,SHIPPED,SOUTH
1144,127,2026-03-01 17:57:35,DELIVERED,WEST
1145,419,2026-01-15 07:44:15,SHIPPED,CENTRAL
1146,322,2025-05-19 05:57:28,SHIPPED,EAST
1147,44,2026-03-16 01:04:41,DELIVERED,CENTRAL
1148,9,2025-08-14 00:37:27,DELIVERED,CENTRAL
1149,409,2025-03-05 16:25:16,CANCELLED,NORTH
1150,358,2025-12-24 17:10:32,SHIPPED,NORTH
1151,88,2025-01-22 01:04:40,SHIPPED,WEST
1152,205,2025-12-18 20:53:02,PLACED,WEST
1153,218,2025-11-20 11:39:00,SHIPPED,NORTH
1154,559,2025-10-14 11:36:44,DELIVERED,EAST
1155,582,2024-02-18 15:48:55,DELIVERED,EAST
1156,441,2026-01-05 09:59:26,DELIVERED,WEST
1157,277,2025-12-08 21:28:28,DELIVERED,EAST
1158,415,2024-07-22 22:20:11,SHIPPED,CENTRAL
1159,220,2025-05-25 00:53:37,SHIPPED,EAST
1160,305,2025-09-29 21:33:40,SHIPPED,WEST
1161,549,2025-09-23 19:27:46,CANCELLED,CENTRAL
1162,399,2024-04-08 10:16:24,DELIVERED,NORTH
1163,593,2025-07-21 07:51:38,RETURNED,EAST
1164,15,2024-08-21 19:16:50,SHIPPED,EAST
1165,117,2025-10-12 07:11:31,SHIPPED,SOUTH
1166,461,2026-03-06 03:07:56,DELIVERED,SOUTH
1167,431,2026-06-11 03:47:06,DELIVERED,EAST
1168,215,2024-10-23 22:55:26,DELIVERED,EAST
1169,373,2024-01-26 03:39:15,DELIVERED,WEST
1170,467,2025-11-16 14:31:15,PLACED,WEST
1171,536,2026-02-25 10:07:51,SHIPPED,EAST
1172,182,2025-10-11 08:04:24,SHIPPED,EAST
1173,448,2026-03-19 12:36:56,DELIVERED,NORTH
1174,107,2024-10-21 14:58:20,SHIPPED,NORTH
1175,509,2026-04-28 05:58:54,DELIVERED,WEST
1176,516,2026-06-21 21:57:30,SHIPPED,SOUTH
1177,229,2025-12-07 05:49:49,SHIPPED,NORTH
1178,360,2026-04-05 17:12:09,RETURNED,WEST
1179,8,2025-08-04 23:43:59,DELIVERED,EAST
1180,315,2026-06-28 14:27:01,DELIVERED,WEST
1181,34,15-08-2024,PLACED,CENTRAL
1182,326,2026-01-16 03:15:52,SHIPPED,SOUTH
1183,570,2025-07-09 23:31:25,DELIVERED,CENTRAL
1184,440,2025-12-14 01:09:35,RETURNED,SOUTH
1185,413,2025-10-13 02:16:43,DELIVERED,SOUTH
1186,517,2024-07-02 21:15:18,RETURNED,EAST
1187,567,2024-11-10 01:55:54,DELIVERED,NORTH
1188,448,2024-11-20 23:05:10,DELIVERED,CENTRAL
1189,,2024-05-02 08:51:06,RETURNED,SOUTH
1190,465,2025-09-22 07:43:54,DELIVERED,EAST
1191,199,2026-02-11 20:54:01,SHIPPED,EAST
1192,53,2025-03-03 03:25:54,DELIVERED,CENTRAL
1193,106,2024-11-22 03:54:48,DELIVERED,SOUTH
1194,290,2025-02-10 23:52:09,SHIPPED,EAST
1195,213,2025-10-27 13:02:38,SHIPPED,NORTH
1196,499,2024-04-28 13:08:35,DELIVERED,WEST
1197,165,2025-11-21 19:55:02,CANCELLED,CENTRAL
1198,33,2026-01-21 12:26:58,SHIPPED,CENTRAL
1199,560,2025-06-07 21:28:41,DELIVERED,SOUTH
1200,31,12-04-2026,DELIVERED,SOUTH
1201,,2025-05-24 03:48:42,DELIVERED,SOUTH
1202,86,2025-08-17 07:37:36,DELIVERED,EAST
1203,565,2026-01-21 08:45:14,SHIPPED,WEST
1204,525,2026-06-04 01:09:43,DELIVERED,SOUTH
1205,288,2026-03-03 13:24:10,PLACED,EAST
1206,170,2026-06-11 19:05:17,SHIPPED,WEST
1207,434,2025-12-23 00:22:08,PLACED,WEST
1208,440,2026-01-10 13:31:57,CANCELLED,NORTH
1209,461,2025-09-03 22:52:26,DELIVERED,CENTRAL
1210,420,2025-03-31 21:29:12,PLACED,EAST
1211,408,2024-02-16 12:14:32,SHIPPED,SOUTH
1212,367,2025-05-22 13:03:42,SHIPPED,SOUTH
1213,322,04-11-2024,RETURNED,EAST
1214,219,2026-03-25 08:48:44,DELIVERED,CENTRAL
1215,68,2025-08-21 23:52:12,DELIVERED,NORTH
1216,575,2025-03-07 22:23:53,CANCELLED,NORTH
1217,588,2025-12-21 03:59:05,DELIVERED,SOUTH
1218,202,2024-09-22 13:43:28,DELIVERED,WEST
1219,123,2024-07-23 18:30:37,PLACED,WEST
1220,,14-06-2026,PLACED,NORTH
1221,473,2025-03-17 17:55:34,DELIVERED,CENTRAL
1222,,2024-09-25 09:15:15,SHIPPED,NORTH
1223,426,2025-04-12 14:01:44,SHIPPED,NORTH
1224,570,2026-05-03 15:50:27,SHIPPED,EAST
1225,466,2025-07-30 04:27:40,DELIVERED,EAST
1226,106,2024-09-19 17:58:16,DELIVERED,NORTH
1227,331,2026-04-27 01:46:21,DELIVERED,SOUTH
1228,378,2026-04-15 01:37:42,DELIVERED,EAST
1229,45,14-07-2025,DELIVERED,EAST
1230,389,2025-09-29 19:45:45,PLACED,WEST
1231,123,2024-07-27 04:23:03,PLACED,WEST
1232,458,2026-01-27 00:48:28,PLACED,WEST
1233,502,2025-03-11 19:20:56,DELIVERED,NORTH
1234,271,2026-03-03 03:02:24,PLACED,SOUTH
1235,211,2026-01-12 19:05:16,DELIVERED,SOUTH
1236,14,2026-06-08 09:30:11,DELIVERED,WEST
1237,108,2025-07-03 10:27:02,PLACED,CENTRAL
1238,321,2026-01-07 04:50:50,SHIPPED,NORTH
1239,134,2024-12-05 20:53:22,SHIPPED,CENTRAL
1240,526,2024-11-11 09:09:40,DELIVERED,WEST
1241,169,2025-11-03 13:37:51,DELIVERED,SOUTH
1242,473,2024-06-15 11:42:48,SHIPPED,SOUTH
1243,274,2025-04-26 04:53:10,SHIPPED,EAST
1244,122,2025-11-09 10:24:54,DELIVERED,WEST
1245,515,2025-07-07 15:35:48,DELIVERED,EAST
1246,101,2024-04-05 07:51:47,SHIPPED,SOUTH
1247,302,2024-10-27 07:11:39,PLACED,CENTRAL
1248,506,2026-06-19 09:52:27,CANCELLED,SOUTH
1249,114,2025-01-28 13:15:48,PLACED,EAST
1250,245,2024-05-12 06:58:06,PLACED,WEST
1251,402,2025-04-21 03:54:54,CANCELLED,EAST
1252,508,2024-11-15 13:15:08,CANCELLED,EAST
1253,295,2024-04-28 19:49:57,CANCELLED,CENTRAL
1254,489,2025-12-16 03:39:19,DELIVERED,EAST
1255,72,2024-09-15 20:59:34,DELIVERED,NORTH
1256,486,2026-01-13 09:03:16,DELIVERED,NORTH
1257,,2026-05-28 13:15:37,SHIPPED,WEST
1258,598,2024-10-20 18:45:43,DELIVERED,NORTH
1259,18,2026-01-02 18:16:06,DELIVERED,SOUTH
1260,97,2024-06-04 07:59:21,SHIPPED,WEST
1261,360,2025-05-19 18:18:44,SHIPPED,NORTH
1262,362,2025-01-27 21:32:42,RETURNED,CENTRAL
1263,496,2024-06-24 04:02:14,CANCELLED,NORTH
1264,152,2025-09-29 09:47:56,DELIVERED,EAST
1265,510,2024-09-30 00:06:17,SHIPPED,EAST
1266,212,2025-03-28 08:11:15,CANCELLED,NORTH
1267,281,2026-04-03 22:06:30,SHIPPED,CENTRAL
1268,180,2025-05-25 03:26:55,DELIVERED,WEST
1269,,2026-02-12 06:48:35,PLACED,EAST
1270,126,2025-09-15 16:16:22,DELIVERED,EAST
1271,113,2024-01-13 22:44:48,SHIPPED,SOUTH
1272,536,2026-02-07 12:57:42,DELIVERED,WEST
1273,,2024-04-10 09:04:38,DELIVERED,SOUTH
1274,290,10-07-2024,SHIPPED,EAST
1275,1,2024-03-18 12:28:59,DELIVERED,CENTRAL
1276,575,2024-08-28 20:11:55,DELIVERED,SOUTH
1277,,2025-06-07 16:41:29,SHIPPED,SOUTH
1278,396,2025-05-09 05:09:02,DELIVERED,EAST
1279,319,2025-02-20 14:34:58,DELIVERED,CENTRAL
1280,143,2025-09-10 23:04:25,DELIVERED,EAST
1281,313,2025-03-05 11:39:39,SHIPPED,CENTRAL
1282,188,2026-03-09 00:15:23,DELIVERED,SOUTH
1283,540,2026-04-27 14:49:08,CANCELLED,EAST
1284,480,2026-03-30 13:19:33,SHIPPED,WEST
1285,29,2024-06-02 01:05:16,RETURNED,SOUTH
1286,310,2025-01-12 22:29:08,PLACED,CENTRAL
1287,580,31-03-2025,DELIVERED,WEST
1288,7,2026-02-02 22:43:33,SHIPPED,NORTH
1289,87,2024-03-25 23:05:37,DELIVERED,EAST
1290,100,2025-07-06 16:44:47,DELIVERED,NORTH
1291,599,2026-03-04 12:46:56,DELIVERED,CENTRAL
1292,148,2026-05-25 10:17:45,CANCELLED,SOUTH
1293,309,2025-10-27 23:13:56,DELIVERED,WEST
1294,206,2025-09-14 13:09:50,DELIVERED,CENTRAL
1295,100,2025-06-03 00:15:19,SHIPPED,WEST
1296,401,2024-03-27 10:54:00,SHIPPED,SOUTH
1297,241,2026-06-02 15:35:07,SHIPPED,CENTRAL
1298,,2025-11-15 19:39:25,DELIVERED,SOUTH
1299,175,2026-01-18 07:19:50,SHIPPED,WEST
1300,297,2025-10-09 19:43:15,SHIPPED,EAST
1301,282,2025-08-30 16:35:28,SHIPPED,WEST
1302,436,18-08-2024,PLACED,WEST
1303,12,03-06-2025,CANCELLED,CENTRAL
1304,456,2024-03-16 05:25:42,DELIVERED,WEST
1305,470,06-03-2025,SHIPPED,CENTRAL
1306,216,2025-04-22 22:44:18,PLACED,NORTH
1307,179,2025-11-02 11:13:15,PLACED,EAST
1308,471,2025-06-02 18:31:18,DELIVERED,WEST
1309,70,2026-06-20 14:27:38,SHIPPED,CENTRAL
1310,185,2026-06-08 17:04:19,CANCELLED,CENTRAL
1311,266,2024-11-21 12:36:01,PLACED,EAST
1312,,2025-09-19 05:46:49,RETURNED,SOUTH
1313,238,2025-01-06 23:38:39,CANCELLED,WEST
1314,332,2026-01-21 05:44:08,RETURNED,SOUTH
1315,108,2025-02-24 03:33:25,SHIPPED,NORTH
1316,,2026-05-07 15:21:18,RETURNED,NORTH
1317,453,2025-08-04 11:44:23,DELIVERED,EAST
1318,111,2025-11-29 06:56:01,PLACED,CENTRAL
1319,205,2025-07-12 00:26:49,DELIVERED,SOUTH
1320,207,2026-01-19 22:47:03,DELIVERED,NORTH
1321,597,2024-09-28 19:55:23,DELIVERED,NORTH
1322,144,10-06-2026,PLACED,CENTRAL
1323,74,2025-07-03 06:38:18,RETURNED,CENTRAL
1324,509,2025-09-22 20:12:15,SHIPPED,CENTRAL
1325,361,2025-11-06 10:40:58,DELIVERED,NORTH
1326,450,2025-11-26 00:41:53,PLACED,NORTH
1327,131,2026-06-05 20:22:43,SHIPPED,SOUTH
1328,53,2026-04-19 16:43:05,DELIVERED,EAST
1329,400,2025-12-23 05:57:53,DELIVERED,EAST
1330,77,2026-04-10 04:45:49,PLACED,CENTRAL
1331,320,2025-09-12 03:59:15,DELIVERED,CENTRAL
1332,,2025-12-17 07:39:52,SHIPPED,EAST
1333,206,2025-12-08 22:09:01,DELIVERED,CENTRAL
1334,338,2026-05-04 05:55:46,DELIVERED,WEST
1335,75,2026-03-14 23:02:28,RETURNED,NORTH
1336,355,2025-05-07 23:07:10,PLACED,NORTH
1337,565,2025-09-08 20:56:50,DELIVERED,NORTH
1338,37,2025-06-17 17:14:01,SHIPPED,WEST
1339,311,19-12-2024,RETURNED,SOUTH
1340,548,2025-10-26 08:31:50,RETURNED,NORTH
1341,566,19-01-2026,CANCELLED,SOUTH
1342,441,2025-10-25 01:30:33,DELIVERED,CENTRAL
1343,377,2025-08-14 11:38:53,DELIVERED,SOUTH
1344,238,2025-01-03 10:49:58,RETURNED,CENTRAL
1345,,2024-03-12 02:47:29,RETURNED,SOUTH
1346,59,29-04-2024,DELIVERED,NORTH
1347,322,2025-04-30 14:16:26,DELIVERED,SOUTH
1348,408,2026-01-13 15:16:49,DELIVERED,EAST
1349,557,2024-11-15 19:03:10,SHIPPED,SOUTH
1350,455,2026-04-02 21:46:43,PLACED,EAST
1351,251,2026-03-04 05:05:14,PLACED,CENTRAL
1352,107,2024-09-23 22:35:13,PLACED,WEST
1353,287,2024-10-23 22:20:27,PLACED,SOUTH
1354,313,2026-03-03 12:01:37,DELIVERED,NORTH
1355,241,2026-03-11 23:21:56,DELIVERED,NORTH
1356,511,2024-12-10 05:15:39,DELIVERED,NORTH
1357,62,2025-03-09 13:19:18,DELIVERED,WEST
1358,394,20-11-2025,DELIVERED,WEST
1359,,2025-05-24 14:11:25,RETURNED,EAST
1360,27,2025-11-18 19:43:22,DELIVERED,CENTRAL
1361,222,24-05-2026,PLACED,WEST
1362,438,2025-10-15 04:23:01,RETURNED,EAST
1363,548,2025-07-06 00:18:48,RETURNED,CENTRAL
1364,267,2024-11-07 06:07:49,DELIVERED,SOUTH
1365,16,2025-03-12 01:15:33,DELIVERED,SOUTH
1366,556,2025-04-04 13:09:08,PLACED,EAST
1367,371,2025-02-21 11:37:38,RETURNED,CENTRAL
1368,13,2024-07-12 02:28:44,DELIVERED,SOUTH
1369,,20-09-2025,DELIVERED,EAST
1370,492,2026-01-04 08:23:34,DELIVERED,CENTRAL
1371,82,2025-06-10 17:19:14,DELIVERED,WEST
1372,185,2026-02-05 04:47:56,SHIPPED,SOUTH
1373,233,2024-10-02 01:39:25,DELIVERED,SOUTH
1374,118,28-05-2026,SHIPPED,CENTRAL
1375,325,2024-03-06 04:13:03,RETURNED,EAST
1376,264,2024-05-08 00:55:44,SHIPPED,CENTRAL
1377,46,2024-12-30 14:07:59,SHIPPED,NORTH
1378,524,2025-09-08 01:53:18,SHIPPED,WEST
1379,74,2025-11-13 12:09:09,DELIVERED,CENTRAL
1380,369,2025-05-29 04:35:15,SHIPPED,WEST
1381,,2024-02-24 09:37:56,DELIVERED,CENTRAL
1382,27,2024-10-24 12:18:35,PLACED,CENTRAL
1383,596,2025-06-18 11:12:57,PLACED,NORTH
1384,154,2025-12-06 00:00:47,DELIVERED,SOUTH
1385,579,2026-02-21 03:41:13,RETURNED,WEST
1386,552,2025-08-30 04:07:17,DELIVERED,CENTRAL
1387,484,2026-06-25 00:10:06,DELIVERED,SOUTH
1388,590,2025-07-12 06:15:59,RETURNED,EAST
1389,237,2025-12-01 01:07:21,CANCELLED,SOUTH
1390,456,2025-10-07 19:08:31,SHIPPED,NORTH
1391,371,2026-01-22 02:35:19,SHIPPED,SOUTH
1392,584,2024-07-13 14:49:25,SHIPPED,CENTRAL
1393,142,2025-02-08 07:54:09,DELIVERED,NORTH
1394,419,2025-08-14 00:25:47,SHIPPED,SOUTH
1395,185,22-04-2026,DELIVERED,CENTRAL
1396,,2024-07-25 21:22:49,SHIPPED,NORTH
1397,171,2025-09-26 08:32:47,SHIPPED,WEST
1398,363,2024-07-16 23:47:30,RETURNED,EAST
1399,122,2025-05-27 14:33:41,PLACED,CENTRAL
1400,111,2024-03-11 06:35:01,SHIPPED,WEST
1401,461,2026-04-14 15:48:03,SHIPPED,SOUTH
1402,188,2026-05-30 23:04:48,DELIVERED,SOUTH
1403,8,2025-07-28 13:53:55,DELIVERED,WEST
1404,181,2025-12-24 02:14:37,RETURNED,NORTH
1405,,2025-06-11 22:58:42,PLACED,CENTRAL
1406,594,2026-02-28 12:06:32,DELIVERED,WEST
1407,,2024-10-04 03:49:24,RETURNED,SOUTH
1408,441,2026-03-17 10:45:16,DELIVERED,NORTH
1409,356,2025-10-20 14:26:38,SHIPPED,WEST
1410,230,2024-09-20 00:44:09,PLACED,NORTH
1411,238,2026-03-25 15:13:22,PLACED,CENTRAL
1412,,2025-08-13 14:55:17,PLACED,CENTRAL
1413,200,2024-06-25 04:14:47,SHIPPED,SOUTH
1414,289,2026-01-08 13:10:04,SHIPPED,EAST
1415,113,2024-07-05 07:42:33,DELIVERED,NORTH
1416,141,2025-10-20 03:22:18,SHIPPED,NORTH
1417,228,2024-04-25 11:58:52,DELIVERED,WEST
1418,526,2024-04-25 02:13:10,DELIVERED,WEST
1419,103,2026-05-16 19:21:12,CANCELLED,NORTH
1420,9,2025-09-18 12:04:55,DELIVERED,SOUTH
1421,272,2025-09-14 03:35:11,RETURNED,WEST
1422,290,2024-07-23 17:33:33,PLACED,SOUTH
1423,4,2025-09-15 08:17:20,DELIVERED,SOUTH
1424,40,2026-03-31 09:31:39,CANCELLED,CENTRAL
1425,241,2025-12-30 20:18:34,DELIVERED,EAST
1426,238,2025-06-07 21:26:07,CANCELLED,WEST
1427,366,2026-06-29 00:58:45,DELIVERED,EAST
1428,430,2025-11-25 15:48:52,DELIVERED,SOUTH
1429,476,2025-05-10 09:40:32,SHIPPED,SOUTH
1430,496,2026-01-29 21:44:33,DELIVERED,EAST
1431,275,2026-04-14 02:07:31,SHIPPED,NORTH
1432,576,2025-05-17 01:28:18,SHIPPED,WEST
1433,436,2025-09-11 07:50:58,SHIPPED,SOUTH
1434,348,2025-10-30 04:51:41,SHIPPED,SOUTH
1435,587,2024-12-26 08:26:24,DELIVERED,CENTRAL
1436,,2025-01-01 08:44:54,RETURNED,NORTH
1437,389,2025-07-22 01:12:58,SHIPPED,CENTRAL
1438,65,2024-03-17 10:52:33,DELIVERED,SOUTH
1439,549,2026-03-25 05:08:39,DELIVERED,EAST
1440,340,2025-10-04 04:29:35,DELIVERED,NORTH
1441,21,2026-06-15 11:51:06,SHIPPED,NORTH
1442,161,2025-06-09 21:10:29,RETURNED,SOUTH
1443,35,2025-02-27 05:58:46,SHIPPED,WEST
1444,135,2026-03-22 20:34:11,SHIPPED,WEST
1445,21,2025-11-28 17:24:12,DELIVERED,NORTH
1446,401,2024-10-28 19:26:07,DELIVERED,WEST
1447,525,28-12-2025,DELIVERED,NORTH
1448,271,2025-12-07 13:40:17,SHIPPED,NORTH
1449,228,2025-09-23 05:06:25,CANCELLED,CENTRAL
1450,519,2026-02-13 23:58:05,RETURNED,WEST
1451,382,2026-04-29 13:00:57,PLACED,NORTH
1452,407,2024-12-26 13:53:41,DELIVERED,EAST
1453,341,2024-08-11 08:10:51,DELIVERED,CENTRAL
1454,174,2025-10-15 07:28:10,DELIVERED,NORTH
1455,145,2025-09-18 08:12:06,RETURNED,CENTRAL
1456,239,2024-04-01 13:10:47,DELIVERED,EAST
1457,155,2026-01-04 02:08:51,SHIPPED,NORTH
1458,275,2026-06-24 02:58:10,SHIPPED,CENTRAL
1459,512,2025-05-01 06:05:19,SHIPPED,WEST
1460,527,2026-05-11 20:42:47,DELIVERED,NORTH
1461,436,2024-04-30 09:34:30,DELIVERED,CENTRAL
1462,125,2025-03-05 02:08:10,DELIVERED,NORTH
1463,435,2026-02-08 05:49:02,SHIPPED,SOUTH
1464,561,2026-03-20 04:42:28,SHIPPED,EAST
1465,278,2026-04-15 21:52:03,PLACED,SOUTH
1466,145,2025-03-26 19:19:12,PLACED,EAST
1467,532,2025-06-04 06:52:56,DELIVERED,SOUTH
1468,169,2026-04-21 07:07:22,DELIVERED,WEST
1469,184,2024-12-28 13:25:11,DELIVERED,EAST
1470,193,2024-11-05 13:14:09,DELIVERED,NORTH
1471,63,2026-02-25 02:10:57,CANCELLED,CENTRAL
1472,232,2025-06-19 20:56:44,DELIVERED,EAST
1473,437,2026-06-26 22:33:38,RETURNED,WEST
1474,261,2026-06-18 10:34:31,PLACED,SOUTH
1475,106,2026-03-18 12:27:13,PLACED,NORTH
1476,130,2026-03-22 09:25:08,DELIVERED,CENTRAL
1477,284,2026-06-06 12:34:38,SHIPPED,SOUTH
1478,173,2025-08-04 00:53:36,DELIVERED,CENTRAL
1479,151,2024-11-27 15:51:14,DELIVERED,NORTH
1480,54,2025-09-03 04:41:55,CANCELLED,WEST
1481,335,2025-07-18 00:11:30,PLACED,WEST
1482,387,2025-08-21 21:35:41,PLACED,EAST
1483,544,2024-05-01 11:29:40,DELIVERED,EAST
1484,147,2026-06-28 08:25:31,CANCELLED,EAST
1485,124,2026-05-16 16:12:32,DELIVERED,NORTH
1486,375,2025-12-25 00:34:05,SHIPPED,SOUTH
1487,574,2025-04-13 08:12:00,RETURNED,NORTH
1488,201,2026-03-01 17:57:29,PLACED,EAST
1489,337,2025-09-18 13:09:16,SHIPPED,NORTH
1490,280,2024-04-23 02:01:17,SHIPPED,NORTH
1491,260,2025-04-27 21:56:28,DELIVERED,WEST
1492,466,2025-07-27 19:51:48,CANCELLED,CENTRAL
1493,107,2024-09-11 15:58:48,RETURNED,SOUTH
1494,182,2026-06-15 10:59:56,DELIVERED,NORTH
1495,455,2026-02-03 03:27:14,PLACED,EAST
1496,,2026-05-15 20:02:47,CANCELLED,EAST
1497,174,2026-02-15 11:31:02,SHIPPED,WEST
1498,63,2024-06-07 21:41:39,DELIVERED,EAST
1499,86,2026-08-08 17:18:52,DELIVERED,CENTRAL
1500,420,2026-08-26 17:18:52,DELIVERED,EAST
